,Image Nmae,Airspeed Value
0,412_test.mp4.jpeg,108.0
1,542_test.mp4.jpeg,86.0
2,1037_test.mp4.jpeg,106.0
3,1167_test.mp4.jpeg,107.0
4,1542_test.mp4.jpeg,105.0
5,1412_test.mp4.jpeg,105.0
6,167_test.mp4.jpeg,143.0
7,386_test.mp4.jpeg,117.0
8,91_test.mp4.jpeg,143.0
9,1386_test.mp4.jpeg,108.0
10,1990_test.mp4.jpeg,88.0
11,990_test.mp4.jpeg,100.0
12,2842_test.mp4.jpeg,142.0
13,2912_test.mp4.jpeg,138.0
14,2008_test.mp4.jpeg,105.0
15,2158_test.mp4.jpeg,140.0
16,2304_test.mp4.jpeg,141.0
17,2254_test.mp4.jpeg,142.0
18,2671_test.mp4.jpeg,140.0
19,2721_test.mp4.jpeg,130.0
20,2490_test.mp4.jpeg,141.0
21,2313_test.mp4.jpeg,144.0
22,2243_test.mp4.jpeg,142.0
23,2666_test.mp4.jpeg,140.0
24,2736_test.mp4.jpeg,130.0
25,2487_test.mp4.jpeg,142.0
26,2905_test.mp4.jpeg,138.0
27,3168_test.mp4.jpeg,35.0
28,1987_test.mp4.jpeg,88.0
29,709_test.mp4.jpeg,81.0
30,659_test.mp4.jpeg,96.0
31,987_test.mp4.jpeg,97.0
32,1659_test.mp4.jpeg,107.0
33,1020_test.mp4.jpeg,93.0
34,1170_test.mp4.jpeg,109.0
35,405_test.mp4.jpeg,109.0
36,555_test.mp4.jpeg,85.0
37,170_test.mp4.jpeg,142.0
38,1555_test.mp4.jpeg,111.0
39,1405_test.mp4.jpeg,101.0
40,391_test.mp4.jpeg,118.0
41,1391_test.mp4.jpeg,108.0
42,3085_test.mp4.jpeg,43.0
43,496_test.mp4.jpeg,103.0
44,1496_test.mp4.jpeg,102.0
45,252_test.mp4.jpeg,143.0
46,302_test.mp4.jpeg,116.0
47,1677_test.mp4.jpeg,106.0
48,1727_test.mp4.jpeg,111.0
49,1302_test.mp4.jpeg,119.0
50,3016_test.mp4.jpeg,106.0
51,1252_test.mp4.jpeg,112.0
52,727_test.mp4.jpeg,75.0
53,15_test.mp4.jpeg,142.0
54,677_test.mp4.jpeg,87.0
55,1914_test.mp4.jpeg,95.0
56,914_test.mp4.jpeg,103.0
57,844_test.mp4.jpeg,103.0
58,2648_test.mp4.jpeg,138.0
59,2718_test.mp4.jpeg,130.0
60,2996_test.mp4.jpeg,125.0
61,2380_test.mp4.jpeg,134.0
62,2544_test.mp4.jpeg,139.0
63,2414_test.mp4.jpeg,141.0
64,2031_test.mp4.jpeg,106.0
65,2161_test.mp4.jpeg,139.0
66,2397_test.mp4.jpeg,141.0
67,2553_test.mp4.jpeg,140.0
68,2403_test.mp4.jpeg,139.0
69,2026_test.mp4.jpeg,106.0
70,2176_test.mp4.jpeg,141.0
71,2981_test.mp4.jpeg,125.0
72,149_test.mp4.jpeg,141.0
73,1149_test.mp4.jpeg,113.0
74,1853_test.mp4.jpeg,103.0
75,1903_test.mp4.jpeg,95.0
76,903_test.mp4.jpeg,99.0
77,853_test.mp4.jpeg,104.0
78,481_test.mp4.jpeg,117.0
79,1660_test.mp4.jpeg,108.0
80,1730_test.mp4.jpeg,109.0
81,245_test.mp4.jpeg,143.0
82,315_test.mp4.jpeg,117.0
83,730_test.mp4.jpeg,72.0
84,660_test.mp4.jpeg,96.0
85,1315_test.mp4.jpeg,105.0
86,3151_test.mp4.jpeg,43.0
87,551_test.mp4.jpeg,86.0
88,401_test.mp4.jpeg,113.0
89,1174_test.mp4.jpeg,109.0
90,1024_test.mp4.jpeg,97.0
91,1401_test.mp4.jpeg,102.0
92,1551_test.mp4.jpeg,111.0
93,174_test.mp4.jpeg,142.0
94,395_test.mp4.jpeg,118.0
95,3081_test.mp4.jpeg,46.0
96,1395_test.mp4.jpeg,108.0
97,1099_test.mp4.jpeg,117.0
98,1983_test.mp4.jpeg,94.0
99,1278_test.mp4.jpeg,117.0
100,1328_test.mp4.jpeg,97.0
101,328_test.mp4.jpeg,118.0
102,278_test.mp4.jpeg,140.0
103,2901_test.mp4.jpeg,138.0
104,2851_test.mp4.jpeg,142.0
105,2317_test.mp4.jpeg,143.0
106,2732_test.mp4.jpeg,129.0
107,2662_test.mp4.jpeg,140.0
108,2483_test.mp4.jpeg,143.0
109,2250_test.mp4.jpeg,144.0
110,2300_test.mp4.jpeg,140.0
111,2725_test.mp4.jpeg,129.0
112,2675_test.mp4.jpeg,140.0
113,2494_test.mp4.jpeg,139.0
114,2798_test.mp4.jpeg,141.0
115,2916_test.mp4.jpeg,138.0
116,2846_test.mp4.jpeg,141.0
117,2429_test.mp4.jpeg,138.0
118,2579_test.mp4.jpeg,140.0
119,28_test.mp4.jpeg,141.0
120,994_test.mp4.jpeg,104.0
121,1163_test.mp4.jpeg,107.0
122,1033_test.mp4.jpeg,103.0
123,546_test.mp4.jpeg,86.0
124,416_test.mp4.jpeg,105.0
125,163_test.mp4.jpeg,142.0
126,1416_test.mp4.jpeg,104.0
127,1546_test.mp4.jpeg,109.0
128,382_test.mp4.jpeg,115.0
129,879_test.mp4.jpeg,105.0
130,929_test.mp4.jpeg,102.0
131,1929_test.mp4.jpeg,101.0
132,1879_test.mp4.jpeg,98.0
133,95_test.mp4.jpeg,143.0
134,485_test.mp4.jpeg,117.0
135,1485_test.mp4.jpeg,106.0
136,311_test.mp4.jpeg,115.0
137,241_test.mp4.jpeg,143.0
138,1734_test.mp4.jpeg,107.0
139,1664_test.mp4.jpeg,104.0
140,1241_test.mp4.jpeg,110.0
141,1311_test.mp4.jpeg,109.0
142,3155_test.mp4.jpeg,56.0
143,664_test.mp4.jpeg,94.0
144,734_test.mp4.jpeg,69.0
145,1438_test.mp4.jpeg,102.0
146,1568_test.mp4.jpeg,107.0
147,568_test.mp4.jpeg,82.0
148,438_test.mp4.jpeg,88.0
149,1907_test.mp4.jpeg,95.0
150,1857_test.mp4.jpeg,102.0
151,789_test.mp4.jpeg,57.0
152,857_test.mp4.jpeg,105.0
153,907_test.mp4.jpeg,100.0
154,1789_test.mp4.jpeg,108.0
155,2985_test.mp4.jpeg,127.0
156,2938_test.mp4.jpeg,137.0
157,2393_test.mp4.jpeg,140.0
158,2868_test.mp4.jpeg,140.0
159,2407_test.mp4.jpeg,140.0
160,2557_test.mp4.jpeg,141.0
161,2172_test.mp4.jpeg,137.0
162,2384_test.mp4.jpeg,139.0
163,2410_test.mp4.jpeg,140.0
164,2540_test.mp4.jpeg,140.0
165,2165_test.mp4.jpeg,140.0
166,2035_test.mp4.jpeg,108.0
167,2269_test.mp4.jpeg,143.0
168,2339_test.mp4.jpeg,138.0
169,2088_test.mp4.jpeg,136.0
170,1910_test.mp4.jpeg,95.0
171,1840_test.mp4.jpeg,98.0
172,840_test.mp4.jpeg,100.0
173,910_test.mp4.jpeg,99.0
174,492_test.mp4.jpeg,111.0
175,1492_test.mp4.jpeg,104.0
176,1723_test.mp4.jpeg,108.0
177,1673_test.mp4.jpeg,103.0
178,306_test.mp4.jpeg,117.0
179,256_test.mp4.jpeg,143.0
180,673_test.mp4.jpeg,87.0
181,723_test.mp4.jpeg,76.0
182,3012_test.mp4.jpeg,109.0
183,1256_test.mp4.jpeg,113.0
184,1306_test.mp4.jpeg,115.0
185,694_test.mp4.jpeg,79.0
186,1694_test.mp4.jpeg,106.0
187,100_test.mp4.jpeg,142.0
188,1475_test.mp4.jpeg,104.0
189,1525_test.mp4.jpeg,103.0
190,1100_test.mp4.jpeg,117.0
191,1050_test.mp4.jpeg,108.0
192,1629_test.mp4.jpeg,97.0
193,629_test.mp4.jpeg,73.0
194,598_test.mp4.jpeg,71.0
195,2975_test.mp4.jpeg,123.0
196,2825_test.mp4.jpeg,144.0
197,2182_test.mp4.jpeg,141.0
198,2746_test.mp4.jpeg,129.0
199,2616_test.mp4.jpeg,141.0
200,2233_test.mp4.jpeg,143.0
201,2898_test.mp4.jpeg,137.0
202,2363_test.mp4.jpeg,142.0
203,2195_test.mp4.jpeg,138.0
204,2601_test.mp4.jpeg,139.0
205,2224_test.mp4.jpeg,139.0
206,2374_test.mp4.jpeg,141.0
207,2128_test.mp4.jpeg,137.0
208,2078_test.mp4.jpeg,127.0
209,2962_test.mp4.jpeg,124.0
210,2299_test.mp4.jpeg,139.0
211,683_test.mp4.jpeg,84.0
212,1683_test.mp4.jpeg,106.0
213,1462_test.mp4.jpeg,104.0
214,1532_test.mp4.jpeg,101.0
215,117_test.mp4.jpeg,143.0
216,532_test.mp4.jpeg,85.0
217,462_test.mp4.jpeg,92.0
218,1117_test.mp4.jpeg,118.0
219,1047_test.mp4.jpeg,110.0
220,610_test.mp4.jpeg,64.0
221,740_test.mp4.jpeg,67.0
222,3071_test.mp4.jpeg,52.0
223,1365_test.mp4.jpeg,99.0
224,1740_test.mp4.jpeg,105.0
225,1610_test.mp4.jpeg,102.0
226,365_test.mp4.jpeg,118.0
227,235_test.mp4.jpeg,143.0
228,184_test.mp4.jpeg,143.0
229,1184_test.mp4.jpeg,108.0
230,823_test.mp4.jpeg,93.0
231,973_test.mp4.jpeg,99.0
232,288_test.mp4.jpeg,130.0
233,1288_test.mp4.jpeg,117.0
234,1973_test.mp4.jpeg,99.0
235,1139_test.mp4.jpeg,109.0
236,1069_test.mp4.jpeg,105.0
237,139_test.mp4.jpeg,142.0
238,2106_test.mp4.jpeg,140.0
239,3_test.mp4.jpeg,141.0
240,2056_test.mp4.jpeg,103.0
241,2473_test.mp4.jpeg,138.0
242,2523_test.mp4.jpeg,138.0
243,2692_test.mp4.jpeg,136.0
244,2111_test.mp4.jpeg,137.0
245,2041_test.mp4.jpeg,106.0
246,2464_test.mp4.jpeg,143.0
247,2534_test.mp4.jpeg,142.0
248,2685_test.mp4.jpeg,140.0
249,2589_test.mp4.jpeg,141.0
250,2638_test.mp4.jpeg,141.0
251,834_test.mp4.jpeg,96.0
252,964_test.mp4.jpeg,96.0
253,1964_test.mp4.jpeg,109.0
254,1834_test.mp4.jpeg,102.0
255,1222_test.mp4.jpeg,111.0
256,3066_test.mp4.jpeg,57.0
257,1889_test.mp4.jpeg,100.0
258,607_test.mp4.jpeg,67.0
259,65_test.mp4.jpeg,141.0
260,889_test.mp4.jpeg,98.0
261,372_test.mp4.jpeg,118.0
262,222_test.mp4.jpeg,143.0
263,1757_test.mp4.jpeg,109.0
264,1607_test.mp4.jpeg,104.0
265,193_test.mp4.jpeg,143.0
266,1193_test.mp4.jpeg,114.0
267,1809_test.mp4.jpeg,110.0
268,1959_test.mp4.jpeg,108.0
269,959_test.mp4.jpeg,98.0
270,809_test.mp4.jpeg,93.0
271,1687_test.mp4.jpeg,106.0
272,113_test.mp4.jpeg,142.0
273,1536_test.mp4.jpeg,99.0
274,1466_test.mp4.jpeg,103.0
275,1043_test.mp4.jpeg,108.0
276,1113_test.mp4.jpeg,117.0
277,466_test.mp4.jpeg,99.0
278,536_test.mp4.jpeg,85.0
279,2509_test.mp4.jpeg,138.0
280,2459_test.mp4.jpeg,138.0
281,2836_test.mp4.jpeg,142.0
282,2966_test.mp4.jpeg,124.0
283,2191_test.mp4.jpeg,139.0
284,2605_test.mp4.jpeg,139.0
285,2370_test.mp4.jpeg,141.0
286,2220_test.mp4.jpeg,138.0
287,2186_test.mp4.jpeg,138.0
288,2612_test.mp4.jpeg,141.0
289,2367_test.mp4.jpeg,144.0
290,2821_test.mp4.jpeg,144.0
291,2971_test.mp4.jpeg,119.0
292,208_test.mp4.jpeg,143.0
293,358_test.mp4.jpeg,119.0
294,1358_test.mp4.jpeg,95.0
295,1208_test.mp4.jpeg,111.0
296,1690_test.mp4.jpeg,106.0
297,1521_test.mp4.jpeg,107.0
298,1471_test.mp4.jpeg,104.0
299,104_test.mp4.jpeg,143.0
300,471_test.mp4.jpeg,110.0
301,521_test.mp4.jpeg,81.0
302,1054_test.mp4.jpeg,107.0
303,1104_test.mp4.jpeg,115.0
304,603_test.mp4.jpeg,68.0
305,1376_test.mp4.jpeg,109.0
306,1226_test.mp4.jpeg,109.0
307,3062_test.mp4.jpeg,60.0
308,1603_test.mp4.jpeg,108.0
309,1753_test.mp4.jpeg,110.0
310,226_test.mp4.jpeg,142.0
311,376_test.mp4.jpeg,118.0
312,1197_test.mp4.jpeg,111.0
313,960_test.mp4.jpeg,97.0
314,1830_test.mp4.jpeg,104.0
315,1960_test.mp4.jpeg,109.0
316,2349_test.mp4.jpeg,142.0
317,2219_test.mp4.jpeg,138.0
318,2045_test.mp4.jpeg,105.0
319,2115_test.mp4.jpeg,137.0
320,2530_test.mp4.jpeg,140.0
321,2460_test.mp4.jpeg,140.0
322,2681_test.mp4.jpeg,140.0
323,2052_test.mp4.jpeg,105.0
324,2102_test.mp4.jpeg,140.0
325,7_test.mp4.jpeg,141.0
326,2477_test.mp4.jpeg,139.0
327,2696_test.mp4.jpeg,139.0
328,2948_test.mp4.jpeg,139.0
329,977_test.mp4.jpeg,104.0
330,827_test.mp4.jpeg,93.0
331,1827_test.mp4.jpeg,105.0
332,1977_test.mp4.jpeg,100.0
333,448_test.mp4.jpeg,84.0
334,518_test.mp4.jpeg,80.0
335,1518_test.mp4.jpeg,107.0
336,1361_test.mp4.jpeg,96.0
337,3075_test.mp4.jpeg,52.0
338,1231_test.mp4.jpeg,110.0
339,76_test.mp4.jpeg,141.0
340,614_test.mp4.jpeg,67.0
341,231_test.mp4.jpeg,143.0
342,180_test.mp4.jpeg,142.0
343,1180_test.mp4.jpeg,109.0
344,1680_test.mp4.jpeg,106.0
345,680_test.mp4.jpeg,86.0
346,1114_test.mp4.jpeg,116.0
347,1044_test.mp4.jpeg,109.0
348,531_test.mp4.jpeg,85.0
349,461_test.mp4.jpeg,89.0
350,114_test.mp4.jpeg,142.0
351,1461_test.mp4.jpeg,105.0
352,1531_test.mp4.jpeg,102.0
353,1218_test.mp4.jpeg,111.0
354,348_test.mp4.jpeg,119.0
355,218_test.mp4.jpeg,143.0
356,2831_test.mp4.jpeg,143.0
357,2196_test.mp4.jpeg,139.0
358,2227_test.mp4.jpeg,142.0
359,2377_test.mp4.jpeg,139.0
360,2752_test.mp4.jpeg,132.0
361,2602_test.mp4.jpeg,140.0
362,2181_test.mp4.jpeg,140.0
363,2230_test.mp4.jpeg,143.0
364,2360_test.mp4.jpeg,140.0
365,2745_test.mp4.jpeg,129.0
366,2615_test.mp4.jpeg,141.0
367,2449_test.mp4.jpeg,141.0
368,2519_test.mp4.jpeg,141.0
369,2976_test.mp4.jpeg,124.0
370,48_test.mp4.jpeg,141.0
371,1697_test.mp4.jpeg,107.0
372,949_test.mp4.jpeg,99.0
373,697_test.mp4.jpeg,78.0
374,1949_test.mp4.jpeg,104.0
375,1819_test.mp4.jpeg,107.0
376,1103_test.mp4.jpeg,116.0
377,1053_test.mp4.jpeg,109.0
378,1476_test.mp4.jpeg,104.0
379,1526_test.mp4.jpeg,103.0
380,103_test.mp4.jpeg,143.0
381,1754_test.mp4.jpeg,111.0
382,1604_test.mp4.jpeg,107.0
383,371_test.mp4.jpeg,118.0
384,221_test.mp4.jpeg,143.0
385,66_test.mp4.jpeg,142.0
386,604_test.mp4.jpeg,68.0
387,3065_test.mp4.jpeg,62.0
388,1221_test.mp4.jpeg,110.0
389,1371_test.mp4.jpeg,107.0
390,1190_test.mp4.jpeg,110.0
391,190_test.mp4.jpeg,143.0
392,1967_test.mp4.jpeg,107.0
393,1837_test.mp4.jpeg,99.0
394,837_test.mp4.jpeg,96.0
395,967_test.mp4.jpeg,95.0
396,1458_test.mp4.jpeg,106.0
397,1508_test.mp4.jpeg,100.0
398,2467_test.mp4.jpeg,140.0
399,2537_test.mp4.jpeg,141.0
400,2042_test.mp4.jpeg,106.0
401,2808_test.mp4.jpeg,140.0
402,2686_test.mp4.jpeg,139.0
403,2470_test.mp4.jpeg,138.0
404,2520_test.mp4.jpeg,141.0
405,2105_test.mp4.jpeg,141.0
406,2055_test.mp4.jpeg,105.0
407,2691_test.mp4.jpeg,136.0
408,2209_test.mp4.jpeg,137.0
409,2359_test.mp4.jpeg,140.0
410,1970_test.mp4.jpeg,104.0
411,1820_test.mp4.jpeg,107.0
412,820_test.mp4.jpeg,93.0
413,970_test.mp4.jpeg,96.0
414,366_test.mp4.jpeg,118.0
415,236_test.mp4.jpeg,143.0
416,1743_test.mp4.jpeg,104.0
417,1613_test.mp4.jpeg,104.0
418,1236_test.mp4.jpeg,108.0
419,3072_test.mp4.jpeg,51.0
420,1366_test.mp4.jpeg,102.0
421,613_test.mp4.jpeg,65.0
422,71_test.mp4.jpeg,142.0
423,743_test.mp4.jpeg,64.0
424,1187_test.mp4.jpeg,109.0
425,187_test.mp4.jpeg,142.0
426,1693_test.mp4.jpeg,107.0
427,693_test.mp4.jpeg,81.0
428,1057_test.mp4.jpeg,108.0
429,1107_test.mp4.jpeg,115.0
430,472_test.mp4.jpeg,110.0
431,522_test.mp4.jpeg,82.0
432,107_test.mp4.jpeg,142.0
433,1522_test.mp4.jpeg,106.0
434,1472_test.mp4.jpeg,104.0
435,2068_test.mp4.jpeg,114.0
436,2138_test.mp4.jpeg,143.0
437,2822_test.mp4.jpeg,144.0
438,2972_test.mp4.jpeg,123.0
439,2289_test.mp4.jpeg,133.0
440,2185_test.mp4.jpeg,138.0
441,2611_test.mp4.jpeg,141.0
442,2741_test.mp4.jpeg,129.0
443,2192_test.mp4.jpeg,139.0
444,2888_test.mp4.jpeg,137.0
445,2373_test.mp4.jpeg,141.0
446,2223_test.mp4.jpeg,139.0
447,2606_test.mp4.jpeg,140.0
448,2835_test.mp4.jpeg,143.0
449,639_test.mp4.jpeg,82.0
450,3058_test.mp4.jpeg,62.0
451,1769_test.mp4.jpeg,110.0
452,1588_test.mp4.jpeg,106.0
453,588_test.mp4.jpeg,77.0
454,1684_test.mp4.jpeg,106.0
455,684_test.mp4.jpeg,83.0
456,465_test.mp4.jpeg,98.0
457,535_test.mp4.jpeg,85.0
458,1040_test.mp4.jpeg,106.0
459,1110_test.mp4.jpeg,116.0
460,1535_test.mp4.jpeg,102.0
461,1465_test.mp4.jpeg,103.0
462,110_test.mp4.jpeg,142.0
463,1617_test.mp4.jpeg,103.0
464,1747_test.mp4.jpeg,106.0
465,232_test.mp4.jpeg,143.0
466,899_test.mp4.jpeg,96.0
467,362_test.mp4.jpeg,119.0
468,747_test.mp4.jpeg,62.0
469,617_test.mp4.jpeg,69.0
470,1362_test.mp4.jpeg,97.0
471,1899_test.mp4.jpeg,96.0
472,1232_test.mp4.jpeg,110.0
473,3076_test.mp4.jpeg,51.0
474,1183_test.mp4.jpeg,109.0
475,183_test.mp4.jpeg,143.0
476,1824_test.mp4.jpeg,106.0
477,1974_test.mp4.jpeg,98.0
478,974_test.mp4.jpeg,102.0
479,824_test.mp4.jpeg,92.0
480,2599_test.mp4.jpeg,140.0
481,2628_test.mp4.jpeg,141.0
482,2524_test.mp4.jpeg,137.0
483,2474_test.mp4.jpeg,138.0
484,2051_test.mp4.jpeg,105.0
485,4_test.mp4.jpeg,141.0
486,2101_test.mp4.jpeg,141.0
487,2695_test.mp4.jpeg,138.0
488,2533_test.mp4.jpeg,142.0
489,2463_test.mp4.jpeg,142.0
490,2116_test.mp4.jpeg,137.0
491,2682_test.mp4.jpeg,140.0
492,1833_test.mp4.jpeg,102.0
493,1298_test.mp4.jpeg,119.0
494,1963_test.mp4.jpeg,109.0
495,963_test.mp4.jpeg,95.0
496,298_test.mp4.jpeg,116.0
497,129_test.mp4.jpeg,143.0
498,1079_test.mp4.jpeg,113.0
499,1129_test.mp4.jpeg,115.0
500,225_test.mp4.jpeg,141.0
501,375_test.mp4.jpeg,118.0
502,1600_test.mp4.jpeg,109.0
503,1750_test.mp4.jpeg,109.0
504,1375_test.mp4.jpeg,108.0
505,3061_test.mp4.jpeg,58.0
506,1225_test.mp4.jpeg,108.0
507,62_test.mp4.jpeg,141.0
508,600_test.mp4.jpeg,71.0
509,1194_test.mp4.jpeg,114.0
510,194_test.mp4.jpeg,143.0
511,1556_test.mp4.jpeg,110.0
512,1406_test.mp4.jpeg,102.0
513,173_test.mp4.jpeg,142.0
514,406_test.mp4.jpeg,108.0
515,556_test.mp4.jpeg,84.0
516,1023_test.mp4.jpeg,98.0
517,1173_test.mp4.jpeg,109.0
518,85_test.mp4.jpeg,142.0
519,1869_test.mp4.jpeg,100.0
520,1392_test.mp4.jpeg,109.0
521,3086_test.mp4.jpeg,41.0
522,939_test.mp4.jpeg,98.0
523,869_test.mp4.jpeg,104.0
524,984_test.mp4.jpeg,97.0
525,38_test.mp4.jpeg,141.0
526,1984_test.mp4.jpeg,90.0
527,2856_test.mp4.jpeg,140.0
528,2906_test.mp4.jpeg,142.0
529,2569_test.mp4.jpeg,142.0
530,2439_test.mp4.jpeg,136.0
531,2665_test.mp4.jpeg,140.0
532,2735_test.mp4.jpeg,132.0
533,2310_test.mp4.jpeg,142.0
534,2240_test.mp4.jpeg,141.0
535,2484_test.mp4.jpeg,142.0
536,2672_test.mp4.jpeg,140.0
537,2722_test.mp4.jpeg,130.0
538,2307_test.mp4.jpeg,144.0
539,2257_test.mp4.jpeg,142.0
540,2493_test.mp4.jpeg,139.0
541,2841_test.mp4.jpeg,142.0
542,1089_test.mp4.jpeg,113.0
543,268_test.mp4.jpeg,138.0
544,993_test.mp4.jpeg,102.0
545,338_test.mp4.jpeg,117.0
546,1338_test.mp4.jpeg,97.0
547,1993_test.mp4.jpeg,89.0
548,1268_test.mp4.jpeg,119.0
549,164_test.mp4.jpeg,142.0
550,1541_test.mp4.jpeg,104.0
551,1411_test.mp4.jpeg,105.0
552,1034_test.mp4.jpeg,104.0
553,1164_test.mp4.jpeg,107.0
554,411_test.mp4.jpeg,105.0
555,541_test.mp4.jpeg,85.0
556,1385_test.mp4.jpeg,108.0
557,385_test.mp4.jpeg,116.0
558,1482_test.mp4.jpeg,104.0
559,482_test.mp4.jpeg,117.0
560,3152_test.mp4.jpeg,48.0
561,1316_test.mp4.jpeg,104.0
562,1246_test.mp4.jpeg,112.0
563,663_test.mp4.jpeg,94.0
564,246_test.mp4.jpeg,143.0
565,316_test.mp4.jpeg,117.0
566,1663_test.mp4.jpeg,104.0
567,1733_test.mp4.jpeg,108.0
568,900_test.mp4.jpeg,98.0
569,850_test.mp4.jpeg,105.0
570,1850_test.mp4.jpeg,103.0
571,1900_test.mp4.jpeg,96.0
572,2329_test.mp4.jpeg,142.0
573,2279_test.mp4.jpeg,139.0
574,2982_test.mp4.jpeg,127.0
575,2098_test.mp4.jpeg,141.0
576,2394_test.mp4.jpeg,140.0
577,2025_test.mp4.jpeg,106.0
578,2175_test.mp4.jpeg,137.0
579,2550_test.mp4.jpeg,137.0
580,2400_test.mp4.jpeg,137.0
581,2383_test.mp4.jpeg,140.0
582,2878_test.mp4.jpeg,138.0
583,2928_test.mp4.jpeg,133.0
584,2162_test.mp4.jpeg,139.0
585,2547_test.mp4.jpeg,140.0
586,2417_test.mp4.jpeg,138.0
587,2995_test.mp4.jpeg,127.0
588,428_test.mp4.jpeg,94.0
589,578_test.mp4.jpeg,79.0
590,1578_test.mp4.jpeg,106.0
591,1428_test.mp4.jpeg,107.0
592,1799_test.mp4.jpeg,110.0
593,847_test.mp4.jpeg,104.0
594,799_test.mp4.jpeg,74.0
595,1847_test.mp4.jpeg,102.0
596,1917_test.mp4.jpeg,96.0
597,1495_test.mp4.jpeg,102.0
598,495_test.mp4.jpeg,105.0
599,724_test.mp4.jpeg,74.0
600,674_test.mp4.jpeg,87.0
601,16_test.mp4.jpeg,142.0
602,1301_test.mp4.jpeg,120.0
603,1251_test.mp4.jpeg,112.0
604,3015_test.mp4.jpeg,109.0
605,1674_test.mp4.jpeg,103.0
606,1724_test.mp4.jpeg,110.0
607,251_test.mp4.jpeg,143.0
608,301_test.mp4.jpeg,114.0
609,1415_test.mp4.jpeg,104.0
610,1545_test.mp4.jpeg,108.0
611,160_test.mp4.jpeg,142.0
612,545_test.mp4.jpeg,86.0
613,415_test.mp4.jpeg,104.0
614,1160_test.mp4.jpeg,110.0
615,1030_test.mp4.jpeg,99.0
616,96_test.mp4.jpeg,144.0
617,1381_test.mp4.jpeg,109.0
618,381_test.mp4.jpeg,115.0
619,1719_test.mp4.jpeg,108.0
620,1649_test.mp4.jpeg,103.0
621,997_test.mp4.jpeg,102.0
622,649_test.mp4.jpeg,97.0
623,719_test.mp4.jpeg,80.0
624,3028_test.mp4.jpeg,85.0
625,2845_test.mp4.jpeg,140.0
626,2726_test.mp4.jpeg,129.0
627,2676_test.mp4.jpeg,140.0
628,2253_test.mp4.jpeg,143.0
629,2303_test.mp4.jpeg,142.0
630,2497_test.mp4.jpeg,138.0
631,2731_test.mp4.jpeg,130.0
632,2661_test.mp4.jpeg,140.0
633,2244_test.mp4.jpeg,142.0
634,2314_test.mp4.jpeg,142.0
635,2480_test.mp4.jpeg,137.0
636,2902_test.mp4.jpeg,140.0
637,2852_test.mp4.jpeg,140.0
638,2148_test.mp4.jpeg,135.0
639,980_test.mp4.jpeg,100.0
640,177_test.mp4.jpeg,142.0
641,1402_test.mp4.jpeg,103.0
642,1552_test.mp4.jpeg,110.0
643,1177_test.mp4.jpeg,110.0
644,1027_test.mp4.jpeg,99.0
645,552_test.mp4.jpeg,86.0
646,402_test.mp4.jpeg,113.0
647,3082_test.mp4.jpeg,47.0
648,1396_test.mp4.jpeg,105.0
649,81_test.mp4.jpeg,144.0
650,396_test.mp4.jpeg,118.0
651,1491_test.mp4.jpeg,103.0
652,1255_test.mp4.jpeg,113.0
653,3011_test.mp4.jpeg,110.0
654,1305_test.mp4.jpeg,117.0
655,670_test.mp4.jpeg,89.0
656,12_test.mp4.jpeg,142.0
657,720_test.mp4.jpeg,79.0
658,305_test.mp4.jpeg,117.0
659,255_test.mp4.jpeg,143.0
660,1720_test.mp4.jpeg,109.0
661,1670_test.mp4.jpeg,101.0
662,1159_test.mp4.jpeg,110.0
663,1009_test.mp4.jpeg,92.0
664,159_test.mp4.jpeg,142.0
665,913_test.mp4.jpeg,103.0
666,1913_test.mp4.jpeg,95.0
667,1843_test.mp4.jpeg,101.0
668,2387_test.mp4.jpeg,142.0
669,2166_test.mp4.jpeg,137.0
670,2036_test.mp4.jpeg,108.0
671,2413_test.mp4.jpeg,141.0
672,2543_test.mp4.jpeg,139.0
673,2390_test.mp4.jpeg,142.0
674,2171_test.mp4.jpeg,136.0
675,2021_test.mp4.jpeg,110.0
676,2404_test.mp4.jpeg,141.0
677,2554_test.mp4.jpeg,141.0
678,2986_test.mp4.jpeg,125.0
679,2708_test.mp4.jpeg,132.0
680,2658_test.mp4.jpeg,139.0
681,854_test.mp4.jpeg,103.0
682,904_test.mp4.jpeg,99.0
683,1904_test.mp4.jpeg,94.0
684,1854_test.mp4.jpeg,102.0
685,1486_test.mp4.jpeg,105.0
686,486_test.mp4.jpeg,117.0
687,667_test.mp4.jpeg,93.0
688,737_test.mp4.jpeg,68.0
689,3006_test.mp4.jpeg,122.0
690,1312_test.mp4.jpeg,108.0
691,1737_test.mp4.jpeg,107.0
692,1667_test.mp4.jpeg,103.0
693,312_test.mp4.jpeg,116.0
694,242_test.mp4.jpeg,143.0
695,1867_test.mp4.jpeg,101.0
696,1937_test.mp4.jpeg,105.0
697,937_test.mp4.jpeg,97.0
698,867_test.mp4.jpeg,104.0
699,1558_test.mp4.jpeg,108.0
700,1408_test.mp4.jpeg,103.0
701,408_test.mp4.jpeg,106.0
702,558_test.mp4.jpeg,83.0
703,271_test.mp4.jpeg,138.0
704,1654_test.mp4.jpeg,104.0
705,1704_test.mp4.jpeg,106.0
706,1321_test.mp4.jpeg,100.0
707,3165_test.mp4.jpeg,43.0
708,3035_test.mp4.jpeg,82.0
709,654_test.mp4.jpeg,97.0
710,36_test.mp4.jpeg,141.0
711,1090_test.mp4.jpeg,113.0
712,2567_test.mp4.jpeg,141.0
713,2437_test.mp4.jpeg,138.0
714,2012_test.mp4.jpeg,101.0
715,2142_test.mp4.jpeg,143.0
716,2858_test.mp4.jpeg,141.0
717,2908_test.mp4.jpeg,140.0
718,2309_test.mp4.jpeg,142.0
719,2259_test.mp4.jpeg,142.0
720,2570_test.mp4.jpeg,142.0
721,2420_test.mp4.jpeg,141.0
722,2005_test.mp4.jpeg,101.0
723,2155_test.mp4.jpeg,142.0
724,2791_test.mp4.jpeg,138.0
725,1643_test.mp4.jpeg,102.0
726,1713_test.mp4.jpeg,106.0
727,266_test.mp4.jpeg,138.0
728,336_test.mp4.jpeg,117.0
729,713_test.mp4.jpeg,81.0
730,21_test.mp4.jpeg,142.0
731,643_test.mp4.jpeg,90.0
732,1336_test.mp4.jpeg,96.0
733,3022_test.mp4.jpeg,98.0
734,1266_test.mp4.jpeg,118.0
735,1087_test.mp4.jpeg,113.0
736,1870_test.mp4.jpeg,100.0
737,1920_test.mp4.jpeg,98.0
738,920_test.mp4.jpeg,105.0
739,870_test.mp4.jpeg,104.0
740,1318_test.mp4.jpeg,102.0
741,1248_test.mp4.jpeg,112.0
742,248_test.mp4.jpeg,143.0
743,1780_test.mp4.jpeg,106.0
744,431_test.mp4.jpeg,93.0
745,561_test.mp4.jpeg,81.0
746,1144_test.mp4.jpeg,113.0
747,1561_test.mp4.jpeg,108.0
748,1431_test.mp4.jpeg,106.0
749,144_test.mp4.jpeg,141.0
750,2096_test.mp4.jpeg,136.0
751,2327_test.mp4.jpeg,140.0
752,2277_test.mp4.jpeg,134.0
753,2652_test.mp4.jpeg,139.0
754,2702_test.mp4.jpeg,140.0
755,2931_test.mp4.jpeg,134.0
756,2549_test.mp4.jpeg,139.0
757,2419_test.mp4.jpeg,140.0
758,2876_test.mp4.jpeg,141.0
759,2926_test.mp4.jpeg,135.0
760,2081_test.mp4.jpeg,135.0
761,2330_test.mp4.jpeg,139.0
762,2260_test.mp4.jpeg,141.0
763,2645_test.mp4.jpeg,140.0
764,2715_test.mp4.jpeg,128.0
765,919_test.mp4.jpeg,105.0
766,849_test.mp4.jpeg,106.0
767,1797_test.mp4.jpeg,110.0
768,1849_test.mp4.jpeg,103.0
769,1919_test.mp4.jpeg,97.0
770,797_test.mp4.jpeg,66.0
771,1003_test.mp4.jpeg,94.0
772,1153_test.mp4.jpeg,111.0
773,426_test.mp4.jpeg,96.0
774,576_test.mp4.jpeg,80.0
775,153_test.mp4.jpeg,142.0
776,1576_test.mp4.jpeg,104.0
777,1426_test.mp4.jpeg,106.0
778,18_test.mp4.jpeg,142.0
779,1924_test.mp4.jpeg,100.0
780,1874_test.mp4.jpeg,98.0
781,98_test.mp4.jpeg,144.0
782,874_test.mp4.jpeg,109.0
783,924_test.mp4.jpeg,103.0
784,332_test.mp4.jpeg,117.0
785,999_test.mp4.jpeg,98.0
786,262_test.mp4.jpeg,139.0
787,1717_test.mp4.jpeg,107.0
788,3026_test.mp4.jpeg,90.0
789,1262_test.mp4.jpeg,115.0
790,1332_test.mp4.jpeg,97.0
791,25_test.mp4.jpeg,142.0
792,647_test.mp4.jpeg,98.0
793,717_test.mp4.jpeg,80.0
794,2424_test.mp4.jpeg,144.0
795,2574_test.mp4.jpeg,139.0
796,2151_test.mp4.jpeg,136.0
797,2001_test.mp4.jpeg,99.0
798,2795_test.mp4.jpeg,139.0
799,2499_test.mp4.jpeg,139.0
800,2678_test.mp4.jpeg,139.0
801,2433_test.mp4.jpeg,143.0
802,2563_test.mp4.jpeg,140.0
803,2146_test.mp4.jpeg,137.0
804,1700_test.mp4.jpeg,105.0
805,325_test.mp4.jpeg,119.0
806,275_test.mp4.jpeg,139.0
807,650_test.mp4.jpeg,99.0
808,32_test.mp4.jpeg,140.0
809,700_test.mp4.jpeg,77.0
810,1275_test.mp4.jpeg,117.0
811,3031_test.mp4.jpeg,85.0
812,1325_test.mp4.jpeg,97.0
813,3161_test.mp4.jpeg,60.0
814,1094_test.mp4.jpeg,113.0
815,1933_test.mp4.jpeg,101.0
816,1398_test.mp4.jpeg,106.0
817,863_test.mp4.jpeg,105.0
818,398_test.mp4.jpeg,117.0
819,933_test.mp4.jpeg,102.0
820,179_test.mp4.jpeg,141.0
821,1179_test.mp4.jpeg,109.0
822,1029_test.mp4.jpeg,98.0
823,1793_test.mp4.jpeg,110.0
824,793_test.mp4.jpeg,58.0
825,422_test.mp4.jpeg,99.0
826,1157_test.mp4.jpeg,112.0
827,1007_test.mp4.jpeg,94.0
828,1422_test.mp4.jpeg,106.0
829,1572_test.mp4.jpeg,106.0
830,157_test.mp4.jpeg,142.0
831,2264_test.mp4.jpeg,138.0
832,2334_test.mp4.jpeg,140.0
833,2641_test.mp4.jpeg,141.0
834,2168_test.mp4.jpeg,139.0
835,2038_test.mp4.jpeg,107.0
836,2872_test.mp4.jpeg,140.0
837,2389_test.mp4.jpeg,143.0
838,2865_test.mp4.jpeg,141.0
839,2092_test.mp4.jpeg,139.0
840,2273_test.mp4.jpeg,133.0
841,2323_test.mp4.jpeg,141.0
842,2706_test.mp4.jpeg,134.0
843,2656_test.mp4.jpeg,140.0
844,1784_test.mp4.jpeg,106.0
845,784_test.mp4.jpeg,57.0
846,1140_test.mp4.jpeg,110.0
847,1010_test.mp4.jpeg,93.0
848,565_test.mp4.jpeg,82.0
849,435_test.mp4.jpeg,91.0
850,140_test.mp4.jpeg,142.0
851,1565_test.mp4.jpeg,108.0
852,3158_test.mp4.jpeg,60.0
853,669_test.mp4.jpeg,90.0
854,739_test.mp4.jpeg,67.0
855,1739_test.mp4.jpeg,105.0
856,1669_test.mp4.jpeg,101.0
857,1488_test.mp4.jpeg,104.0
858,488_test.mp4.jpeg,116.0
859,800_test.mp4.jpeg,76.0
860,950_test.mp4.jpeg,98.0
861,1950_test.mp4.jpeg,104.0
862,1800_test.mp4.jpeg,111.0
863,633_test.mp4.jpeg,75.0
864,51_test.mp4.jpeg,140.0
865,1216_test.mp4.jpeg,112.0
866,3052_test.mp4.jpeg,72.0
867,1763_test.mp4.jpeg,108.0
868,1633_test.mp4.jpeg,97.0
869,346_test.mp4.jpeg,118.0
870,216_test.mp4.jpeg,143.0
871,2294_test.mp4.jpeg,136.0
872,2075_test.mp4.jpeg,120.0
873,2450_test.mp4.jpeg,141.0
874,2500_test.mp4.jpeg,139.0
875,2229_test.mp4.jpeg,142.0
876,2379_test.mp4.jpeg,134.0
877,2882_test.mp4.jpeg,134.0
878,2198_test.mp4.jpeg,142.0
879,2895_test.mp4.jpeg,138.0
880,2283_test.mp4.jpeg,135.0
881,2132_test.mp4.jpeg,139.0
882,2062_test.mp4.jpeg,105.0
883,2447_test.mp4.jpeg,142.0
884,2517_test.mp4.jpeg,143.0
885,1595_test.mp4.jpeg,110.0
886,595_test.mp4.jpeg,72.0
887,3045_test.mp4.jpeg,77.0
888,1201_test.mp4.jpeg,112.0
889,1351_test.mp4.jpeg,94.0
890,46_test.mp4.jpeg,141.0
891,624_test.mp4.jpeg,72.0
892,351_test.mp4.jpeg,119.0
893,201_test.mp4.jpeg,143.0
894,1774_test.mp4.jpeg,108.0
895,528_test.mp4.jpeg,85.0
896,478_test.mp4.jpeg,115.0
897,1478_test.mp4.jpeg,107.0
898,1528_test.mp4.jpeg,101.0
899,817_test.mp4.jpeg,94.0
900,947_test.mp4.jpeg,96.0
901,1699_test.mp4.jpeg,105.0
902,1947_test.mp4.jpeg,104.0
903,1817_test.mp4.jpeg,108.0
904,699_test.mp4.jpeg,77.0
905,884_test.mp4.jpeg,103.0
906,1884_test.mp4.jpeg,99.0
907,68_test.mp4.jpeg,142.0
908,123_test.mp4.jpeg,143.0
909,1456_test.mp4.jpeg,106.0
910,1506_test.mp4.jpeg,97.0
911,1123_test.mp4.jpeg,115.0
912,1073_test.mp4.jpeg,114.0
913,456_test.mp4.jpeg,85.0
914,1969_test.mp4.jpeg,104.0
915,1292_test.mp4.jpeg,117.0
916,1839_test.mp4.jpeg,98.0
917,292_test.mp4.jpeg,121.0
918,969_test.mp4.jpeg,97.0
919,2635_test.mp4.jpeg,140.0
920,2210_test.mp4.jpeg,139.0
921,2340_test.mp4.jpeg,138.0
922,2584_test.mp4.jpeg,138.0
923,2806_test.mp4.jpeg,141.0
924,2688_test.mp4.jpeg,137.0
925,2469_test.mp4.jpeg,139.0
926,2539_test.mp4.jpeg,140.0
927,2811_test.mp4.jpeg,142.0
928,2622_test.mp4.jpeg,140.0
929,2207_test.mp4.jpeg,139.0
930,2357_test.mp4.jpeg,139.0
931,1441_test.mp4.jpeg,103.0
932,1511_test.mp4.jpeg,103.0
933,134_test.mp4.jpeg,143.0
934,511_test.mp4.jpeg,75.0
935,441_test.mp4.jpeg,89.0
936,1134_test.mp4.jpeg,112.0
937,1064_test.mp4.jpeg,107.0
938,1285_test.mp4.jpeg,119.0
939,285_test.mp4.jpeg,139.0
940,1189_test.mp4.jpeg,110.0
941,189_test.mp4.jpeg,143.0
942,368_test.mp4.jpeg,118.0
943,893_test.mp4.jpeg,100.0
944,238_test.mp4.jpeg,142.0
945,1893_test.mp4.jpeg,99.0
946,1368_test.mp4.jpeg,103.0
947,1109_test.mp4.jpeg,116.0
948,109_test.mp4.jpeg,141.0
949,943_test.mp4.jpeg,98.0
950,813_test.mp4.jpeg,96.0
951,1813_test.mp4.jpeg,110.0
952,1943_test.mp4.jpeg,105.0
953,1591_test.mp4.jpeg,108.0
954,591_test.mp4.jpeg,75.0
955,42_test.mp4.jpeg,142.0
956,620_test.mp4.jpeg,72.0
957,1355_test.mp4.jpeg,96.0
958,3041_test.mp4.jpeg,80.0
959,1205_test.mp4.jpeg,110.0
960,1620_test.mp4.jpeg,104.0
961,1770_test.mp4.jpeg,110.0
962,205_test.mp4.jpeg,143.0
963,355_test.mp4.jpeg,119.0
964,2287_test.mp4.jpeg,134.0
965,2066_test.mp4.jpeg,110.0
966,2513_test.mp4.jpeg,141.0
967,2443_test.mp4.jpeg,140.0
968,2891_test.mp4.jpeg,139.0
969,2886_test.mp4.jpeg,139.0
970,2608_test.mp4.jpeg,140.0
971,2121_test.mp4.jpeg,139.0
972,2504_test.mp4.jpeg,142.0
973,2454_test.mp4.jpeg,139.0
974,1586_test.mp4.jpeg,106.0
975,586_test.mp4.jpeg,78.0
976,1342_test.mp4.jpeg,97.0
977,3106_test.mp4.jpeg,36.0
978,3056_test.mp4.jpeg,64.0
979,55_test.mp4.jpeg,141.0
980,212_test.mp4.jpeg,143.0
981,342_test.mp4.jpeg,118.0
982,1767_test.mp4.jpeg,109.0
983,954_test.mp4.jpeg,99.0
984,804_test.mp4.jpeg,82.0
985,1804_test.mp4.jpeg,111.0
986,1954_test.mp4.jpeg,106.0
987,897_test.mp4.jpeg,99.0
988,1749_test.mp4.jpeg,109.0
989,1897_test.mp4.jpeg,97.0
990,3078_test.mp4.jpeg,48.0
991,749_test.mp4.jpeg,62.0
992,619_test.mp4.jpeg,72.0
993,130_test.mp4.jpeg,143.0
994,1515_test.mp4.jpeg,107.0
995,1445_test.mp4.jpeg,102.0
996,1060_test.mp4.jpeg,108.0
997,1130_test.mp4.jpeg,113.0
998,445_test.mp4.jpeg,86.0
999,515_test.mp4.jpeg,78.0
1000,1281_test.mp4.jpeg,120.0
1001,281_test.mp4.jpeg,142.0
1002,2626_test.mp4.jpeg,139.0
1003,2203_test.mp4.jpeg,137.0
1004,2597_test.mp4.jpeg,138.0
1005,2815_test.mp4.jpeg,143.0
1006,2945_test.mp4.jpeg,136.0
1007,2118_test.mp4.jpeg,139.0
1008,2631_test.mp4.jpeg,140.0
1009,2344_test.mp4.jpeg,141.0
1010,2214_test.mp4.jpeg,139.0
1011,2580_test.mp4.jpeg,141.0
1012,1502_test.mp4.jpeg,102.0
1013,1452_test.mp4.jpeg,106.0
1014,127_test.mp4.jpeg,142.0
1015,452_test.mp4.jpeg,85.0
1016,502_test.mp4.jpeg,87.0
1017,1077_test.mp4.jpeg,113.0
1018,1127_test.mp4.jpeg,115.0
1019,1296_test.mp4.jpeg,118.0
1020,880_test.mp4.jpeg,104.0
1021,1880_test.mp4.jpeg,98.0
1022,1944_test.mp4.jpeg,105.0
1023,1814_test.mp4.jpeg,110.0
1024,814_test.mp4.jpeg,97.0
1025,944_test.mp4.jpeg,98.0
1026,596_test.mp4.jpeg,72.0
1027,1596_test.mp4.jpeg,110.0
1028,1777_test.mp4.jpeg,106.0
1029,1627_test.mp4.jpeg,98.0
1030,352_test.mp4.jpeg,119.0
1031,202_test.mp4.jpeg,143.0
1032,627_test.mp4.jpeg,71.0
1033,45_test.mp4.jpeg,140.0
1034,1202_test.mp4.jpeg,112.0
1035,3046_test.mp4.jpeg,77.0
1036,1352_test.mp4.jpeg,94.0
1037,2280_test.mp4.jpeg,137.0
1038,2444_test.mp4.jpeg,139.0
1039,2514_test.mp4.jpeg,143.0
1040,2131_test.mp4.jpeg,141.0
1041,2061_test.mp4.jpeg,107.0
1042,2618_test.mp4.jpeg,139.0
1043,2896_test.mp4.jpeg,138.0
1044,2881_test.mp4.jpeg,136.0
1045,2297_test.mp4.jpeg,137.0
1046,2453_test.mp4.jpeg,140.0
1047,2503_test.mp4.jpeg,144.0
1048,2126_test.mp4.jpeg,136.0
1049,1581_test.mp4.jpeg,106.0
1050,345_test.mp4.jpeg,118.0
1051,215_test.mp4.jpeg,143.0
1052,1630_test.mp4.jpeg,97.0
1053,3051_test.mp4.jpeg,70.0
1054,1215_test.mp4.jpeg,112.0
1055,1345_test.mp4.jpeg,96.0
1056,630_test.mp4.jpeg,73.0
1057,119_test.mp4.jpeg,143.0
1058,1049_test.mp4.jpeg,108.0
1059,1953_test.mp4.jpeg,105.0
1060,1803_test.mp4.jpeg,111.0
1061,803_test.mp4.jpeg,80.0
1062,953_test.mp4.jpeg,92.0
1063,1890_test.mp4.jpeg,101.0
1064,1137_test.mp4.jpeg,109.0
1065,1067_test.mp4.jpeg,105.0
1066,512_test.mp4.jpeg,76.0
1067,442_test.mp4.jpeg,87.0
1068,137_test.mp4.jpeg,142.0
1069,1442_test.mp4.jpeg,103.0
1070,1512_test.mp4.jpeg,104.0
1071,286_test.mp4.jpeg,136.0
1072,1286_test.mp4.jpeg,119.0
1073,2354_test.mp4.jpeg,138.0
1074,2621_test.mp4.jpeg,142.0
1075,2590_test.mp4.jpeg,142.0
1076,2942_test.mp4.jpeg,134.0
1077,2812_test.mp4.jpeg,143.0
1078,2058_test.mp4.jpeg,105.0
1079,2955_test.mp4.jpeg,129.0
1080,2805_test.mp4.jpeg,141.0
1081,2213_test.mp4.jpeg,141.0
1082,2343_test.mp4.jpeg,142.0
1083,2636_test.mp4.jpeg,140.0
1084,2587_test.mp4.jpeg,139.0
1085,505_test.mp4.jpeg,80.0
1086,455_test.mp4.jpeg,84.0
1087,1070_test.mp4.jpeg,109.0
1088,1455_test.mp4.jpeg,107.0
1089,1505_test.mp4.jpeg,99.0
1090,120_test.mp4.jpeg,142.0
1091,291_test.mp4.jpeg,122.0
1092,1291_test.mp4.jpeg,118.0
1093,609_test.mp4.jpeg,65.0
1094,3068_test.mp4.jpeg,55.0
1095,1887_test.mp4.jpeg,100.0
1096,1759_test.mp4.jpeg,108.0
1097,1609_test.mp4.jpeg,104.0
1098,887_test.mp4.jpeg,97.0
1099,1538_test.mp4.jpeg,100.0
1100,1468_test.mp4.jpeg,103.0
1101,468_test.mp4.jpeg,105.0
1102,538_test.mp4.jpeg,85.0
1103,1807_test.mp4.jpeg,110.0
1104,1957_test.mp4.jpeg,107.0
1105,1689_test.mp4.jpeg,106.0
1106,957_test.mp4.jpeg,99.0
1107,807_test.mp4.jpeg,87.0
1108,585_test.mp4.jpeg,79.0
1109,1585_test.mp4.jpeg,105.0
1110,1634_test.mp4.jpeg,99.0
1111,1764_test.mp4.jpeg,109.0
1112,211_test.mp4.jpeg,143.0
1113,341_test.mp4.jpeg,118.0
1114,56_test.mp4.jpeg,141.0
1115,634_test.mp4.jpeg,75.0
1116,1341_test.mp4.jpeg,98.0
1117,3055_test.mp4.jpeg,64.0
1118,2838_test.mp4.jpeg,142.0
1119,2293_test.mp4.jpeg,133.0
1120,2968_test.mp4.jpeg,123.0
1121,2507_test.mp4.jpeg,137.0
1122,2457_test.mp4.jpeg,140.0
1123,2072_test.mp4.jpeg,118.0
1124,2122_test.mp4.jpeg,138.0
1125,2885_test.mp4.jpeg,139.0
1126,2369_test.mp4.jpeg,142.0
1127,2188_test.mp4.jpeg,137.0
1128,2284_test.mp4.jpeg,136.0
1129,2510_test.mp4.jpeg,139.0
1130,2440_test.mp4.jpeg,139.0
1131,2065_test.mp4.jpeg,110.0
1132,2135_test.mp4.jpeg,138.0
1133,592_test.mp4.jpeg,73.0
1134,1592_test.mp4.jpeg,109.0
1135,206_test.mp4.jpeg,143.0
1136,1623_test.mp4.jpeg,102.0
1137,1773_test.mp4.jpeg,109.0
1138,1356_test.mp4.jpeg,96.0
1139,1206_test.mp4.jpeg,110.0
1140,3042_test.mp4.jpeg,81.0
1141,623_test.mp4.jpeg,72.0
1142,1810_test.mp4.jpeg,110.0
1143,1940_test.mp4.jpeg,107.0
1144,940_test.mp4.jpeg,98.0
1145,810_test.mp4.jpeg,95.0
1146,199_test.mp4.jpeg,143.0
1147,1883_test.mp4.jpeg,99.0
1148,1378_test.mp4.jpeg,109.0
1149,1228_test.mp4.jpeg,107.0
1150,228_test.mp4.jpeg,142.0
1151,378_test.mp4.jpeg,117.0
1152,1124_test.mp4.jpeg,116.0
1153,451_test.mp4.jpeg,85.0
1154,501_test.mp4.jpeg,91.0
1155,124_test.mp4.jpeg,143.0
1156,1501_test.mp4.jpeg,102.0
1157,1451_test.mp4.jpeg,105.0
1158,295_test.mp4.jpeg,118.0
1159,1295_test.mp4.jpeg,119.0
1160,2217_test.mp4.jpeg,140.0
1161,2632_test.mp4.jpeg,140.0
1162,2583_test.mp4.jpeg,139.0
1163,2951_test.mp4.jpeg,136.0
1164,2698_test.mp4.jpeg,139.0
1165,2816_test.mp4.jpeg,143.0
1166,2946_test.mp4.jpeg,138.0
1167,9_test.mp4.jpeg,141.0
1168,2529_test.mp4.jpeg,138.0
1169,2479_test.mp4.jpeg,139.0
1170,2200_test.mp4.jpeg,142.0
1171,2625_test.mp4.jpeg,138.0
1172,2594_test.mp4.jpeg,141.0
1173,446_test.mp4.jpeg,85.0
1174,516_test.mp4.jpeg,79.0
1175,1133_test.mp4.jpeg,112.0
1176,1516_test.mp4.jpeg,106.0
1177,1446_test.mp4.jpeg,101.0
1178,133_test.mp4.jpeg,142.0
1179,282_test.mp4.jpeg,143.0
1180,979_test.mp4.jpeg,100.0
1181,829_test.mp4.jpeg,96.0
1182,1829_test.mp4.jpeg,105.0
1183,1979_test.mp4.jpeg,98.0
1184,1282_test.mp4.jpeg,120.0
1185,78_test.mp4.jpeg,142.0
1186,1894_test.mp4.jpeg,98.0
1187,894_test.mp4.jpeg,99.0
1188,923_test.mp4.jpeg,103.0
1189,873_test.mp4.jpeg,108.0
1190,388_test.mp4.jpeg,118.0
1191,1388_test.mp4.jpeg,109.0
1192,1873_test.mp4.jpeg,98.0
1193,1039_test.mp4.jpeg,106.0
1194,1169_test.mp4.jpeg,108.0
1195,169_test.mp4.jpeg,141.0
1196,1335_test.mp4.jpeg,97.0
1197,1265_test.mp4.jpeg,118.0
1198,3021_test.mp4.jpeg,98.0
1199,710_test.mp4.jpeg,80.0
1200,640_test.mp4.jpeg,83.0
1201,22_test.mp4.jpeg,142.0
1202,265_test.mp4.jpeg,138.0
1203,335_test.mp4.jpeg,117.0
1204,1710_test.mp4.jpeg,106.0
1205,2006_test.mp4.jpeg,102.0
1206,2156_test.mp4.jpeg,142.0
1207,2573_test.mp4.jpeg,141.0
1208,2423_test.mp4.jpeg,142.0
1209,2792_test.mp4.jpeg,137.0
1210,2489_test.mp4.jpeg,140.0
1211,2668_test.mp4.jpeg,141.0
1212,2738_test.mp4.jpeg,129.0
1213,2011_test.mp4.jpeg,104.0
1214,2141_test.mp4.jpeg,142.0
1215,2564_test.mp4.jpeg,137.0
1216,2434_test.mp4.jpeg,141.0
1217,707_test.mp4.jpeg,81.0
1218,35_test.mp4.jpeg,141.0
1219,657_test.mp4.jpeg,96.0
1220,3166_test.mp4.jpeg,41.0
1221,1322_test.mp4.jpeg,100.0
1222,1272_test.mp4.jpeg,117.0
1223,1989_test.mp4.jpeg,89.0
1224,1657_test.mp4.jpeg,103.0
1225,1707_test.mp4.jpeg,106.0
1226,989_test.mp4.jpeg,98.0
1227,272_test.mp4.jpeg,138.0
1228,322_test.mp4.jpeg,119.0
1229,1093_test.mp4.jpeg,114.0
1230,934_test.mp4.jpeg,100.0
1231,864_test.mp4.jpeg,104.0
1232,88_test.mp4.jpeg,142.0
1233,1864_test.mp4.jpeg,102.0
1234,1934_test.mp4.jpeg,102.0
1235,1679_test.mp4.jpeg,106.0
1236,1729_test.mp4.jpeg,109.0
1237,729_test.mp4.jpeg,72.0
1238,679_test.mp4.jpeg,86.0
1239,3018_test.mp4.jpeg,102.0
1240,498_test.mp4.jpeg,97.0
1241,1498_test.mp4.jpeg,101.0
1242,794_test.mp4.jpeg,59.0
1243,1794_test.mp4.jpeg,110.0
1244,1425_test.mp4.jpeg,107.0
1245,150_test.mp4.jpeg,141.0
1246,575_test.mp4.jpeg,81.0
1247,1000_test.mp4.jpeg,99.0
1248,1150_test.mp4.jpeg,111.0
1249,2082_test.mp4.jpeg,134.0
1250,2646_test.mp4.jpeg,140.0
1251,2716_test.mp4.jpeg,128.0
1252,2333_test.mp4.jpeg,142.0
1253,2998_test.mp4.jpeg,123.0
1254,2263_test.mp4.jpeg,138.0
1255,2875_test.mp4.jpeg,141.0
1256,2925_test.mp4.jpeg,136.0
1257,2028_test.mp4.jpeg,105.0
1258,2178_test.mp4.jpeg,142.0
1259,2862_test.mp4.jpeg,140.0
1260,2399_test.mp4.jpeg,139.0
1261,2932_test.mp4.jpeg,134.0
1262,2095_test.mp4.jpeg,136.0
1263,2651_test.mp4.jpeg,139.0
1264,2701_test.mp4.jpeg,140.0
1265,2324_test.mp4.jpeg,138.0
1266,2274_test.mp4.jpeg,134.0
1267,783_test.mp4.jpeg,55.0
1268,1783_test.mp4.jpeg,106.0
1269,147_test.mp4.jpeg,141.0
1270,1562_test.mp4.jpeg,108.0
1271,1432_test.mp4.jpeg,105.0
1272,1017_test.mp4.jpeg,89.0
1273,1147_test.mp4.jpeg,111.0
1274,432_test.mp4.jpeg,94.0
1275,562_test.mp4.jpeg,82.0
1276,860_test.mp4.jpeg,106.0
1277,930_test.mp4.jpeg,103.0
1278,1930_test.mp4.jpeg,101.0
1279,1860_test.mp4.jpeg,103.0
1280,3032_test.mp4.jpeg,83.0
1281,3162_test.mp4.jpeg,53.0
1282,1326_test.mp4.jpeg,97.0
1283,31_test.mp4.jpeg,140.0
1284,653_test.mp4.jpeg,98.0
1285,703_test.mp4.jpeg,79.0
1286,326_test.mp4.jpeg,119.0
1287,276_test.mp4.jpeg,139.0
1288,1703_test.mp4.jpeg,106.0
1289,1653_test.mp4.jpeg,105.0
1290,1097_test.mp4.jpeg,116.0
1291,2145_test.mp4.jpeg,137.0
1292,2249_test.mp4.jpeg,144.0
1293,2319_test.mp4.jpeg,143.0
1294,2152_test.mp4.jpeg,136.0
1295,2002_test.mp4.jpeg,100.0
1296,2427_test.mp4.jpeg,139.0
1297,2577_test.mp4.jpeg,140.0
1298,2796_test.mp4.jpeg,138.0
1299,2918_test.mp4.jpeg,136.0
1300,26_test.mp4.jpeg,142.0
1301,714_test.mp4.jpeg,81.0
1302,3025_test.mp4.jpeg,94.0
1303,1331_test.mp4.jpeg,97.0
1304,1714_test.mp4.jpeg,106.0
1305,331_test.mp4.jpeg,117.0
1306,1080_test.mp4.jpeg,112.0
1307,877_test.mp4.jpeg,107.0
1308,927_test.mp4.jpeg,100.0
1309,1927_test.mp4.jpeg,99.0
1310,1877_test.mp4.jpeg,98.0
1311,548_test.mp4.jpeg,86.0
1312,418_test.mp4.jpeg,99.0
1313,1418_test.mp4.jpeg,106.0
1314,1548_test.mp4.jpeg,110.0
1315,787_test.mp4.jpeg,60.0
1316,1909_test.mp4.jpeg,95.0
1317,1787_test.mp4.jpeg,106.0
1318,859_test.mp4.jpeg,107.0
1319,1436_test.mp4.jpeg,105.0
1320,1566_test.mp4.jpeg,108.0
1321,143_test.mp4.jpeg,141.0
1322,566_test.mp4.jpeg,82.0
1323,436_test.mp4.jpeg,88.0
1324,1013_test.mp4.jpeg,94.0
1325,2091_test.mp4.jpeg,138.0
1326,2705_test.mp4.jpeg,136.0
1327,2655_test.mp4.jpeg,140.0
1328,2270_test.mp4.jpeg,140.0
1329,2320_test.mp4.jpeg,143.0
1330,2409_test.mp4.jpeg,139.0
1331,2559_test.mp4.jpeg,141.0
1332,2936_test.mp4.jpeg,136.0
1333,2921_test.mp4.jpeg,138.0
1334,2871_test.mp4.jpeg,140.0
1335,2086_test.mp4.jpeg,135.0
1336,2712_test.mp4.jpeg,129.0
1337,2642_test.mp4.jpeg,140.0
1338,2267_test.mp4.jpeg,139.0
1339,2337_test.mp4.jpeg,141.0
1340,790_test.mp4.jpeg,58.0
1341,1790_test.mp4.jpeg,108.0
1342,154_test.mp4.jpeg,142.0
1343,1421_test.mp4.jpeg,107.0
1344,1571_test.mp4.jpeg,106.0
1345,1154_test.mp4.jpeg,112.0
1346,1004_test.mp4.jpeg,93.0
1347,571_test.mp4.jpeg,82.0
1348,421_test.mp4.jpeg,101.0
1349,308_test.mp4.jpeg,117.0
1350,258_test.mp4.jpeg,141.0
1351,1258_test.mp4.jpeg,112.0
1352,1308_test.mp4.jpeg,113.0
1353,2351_test.mp4.jpeg,140.0
1354,2201_test.mp4.jpeg,141.0
1355,2624_test.mp4.jpeg,138.0
1356,2595_test.mp4.jpeg,139.0
1357,2699_test.mp4.jpeg,140.0
1358,2817_test.mp4.jpeg,143.0
1359,2947_test.mp4.jpeg,139.0
1360,8_test.mp4.jpeg,140.0
1361,2528_test.mp4.jpeg,134.0
1362,2478_test.mp4.jpeg,139.0
1363,1895_test.mp4.jpeg,98.0
1364,895_test.mp4.jpeg,99.0
1365,1132_test.mp4.jpeg,111.0
1366,447_test.mp4.jpeg,84.0
1367,517_test.mp4.jpeg,80.0
1368,132_test.mp4.jpeg,142.0
1369,1517_test.mp4.jpeg,106.0
1370,1447_test.mp4.jpeg,104.0
1371,978_test.mp4.jpeg,103.0
1372,283_test.mp4.jpeg,143.0
1373,1828_test.mp4.jpeg,105.0
1374,1978_test.mp4.jpeg,100.0
1375,450_test.mp4.jpeg,85.0
1376,500_test.mp4.jpeg,93.0
1377,1075_test.mp4.jpeg,111.0
1378,1125_test.mp4.jpeg,116.0
1379,1500_test.mp4.jpeg,100.0
1380,1450_test.mp4.jpeg,104.0
1381,125_test.mp4.jpeg,143.0
1382,1294_test.mp4.jpeg,118.0
1383,198_test.mp4.jpeg,143.0
1384,1198_test.mp4.jpeg,111.0
1385,1379_test.mp4.jpeg,109.0
1386,1882_test.mp4.jpeg,99.0
1387,379_test.mp4.jpeg,116.0
1388,2800_test.mp4.jpeg,139.0
1389,2346_test.mp4.jpeg,144.0
1390,2633_test.mp4.jpeg,139.0
1391,2582_test.mp4.jpeg,140.0
1392,2285_test.mp4.jpeg,135.0
1393,2511_test.mp4.jpeg,142.0
1394,2441_test.mp4.jpeg,139.0
1395,2064_test.mp4.jpeg,109.0
1396,2893_test.mp4.jpeg,138.0
1397,2368_test.mp4.jpeg,143.0
1398,2238_test.mp4.jpeg,141.0
1399,2189_test.mp4.jpeg,137.0
1400,1811_test.mp4.jpeg,110.0
1401,1941_test.mp4.jpeg,106.0
1402,941_test.mp4.jpeg,100.0
1403,811_test.mp4.jpeg,95.0
1404,593_test.mp4.jpeg,74.0
1405,1593_test.mp4.jpeg,110.0
1406,207_test.mp4.jpeg,144.0
1407,40_test.mp4.jpeg,140.0
1408,622_test.mp4.jpeg,72.0
1409,1357_test.mp4.jpeg,94.0
1410,1207_test.mp4.jpeg,110.0
1411,3043_test.mp4.jpeg,80.0
1412,584_test.mp4.jpeg,79.0
1413,1584_test.mp4.jpeg,106.0
1414,210_test.mp4.jpeg,143.0
1415,340_test.mp4.jpeg,117.0
1416,1635_test.mp4.jpeg,100.0
1417,1765_test.mp4.jpeg,109.0
1418,1340_test.mp4.jpeg,98.0
1419,3054_test.mp4.jpeg,68.0
1420,1210_test.mp4.jpeg,111.0
1421,635_test.mp4.jpeg,74.0
1422,57_test.mp4.jpeg,142.0
1423,1539_test.mp4.jpeg,101.0
1424,1469_test.mp4.jpeg,103.0
1425,469_test.mp4.jpeg,107.0
1426,539_test.mp4.jpeg,85.0
1427,1806_test.mp4.jpeg,110.0
1428,1956_test.mp4.jpeg,107.0
1429,688_test.mp4.jpeg,83.0
1430,956_test.mp4.jpeg,98.0
1431,1688_test.mp4.jpeg,107.0
1432,2884_test.mp4.jpeg,138.0
1433,2839_test.mp4.jpeg,142.0
1434,2969_test.mp4.jpeg,124.0
1435,2292_test.mp4.jpeg,132.0
1436,2506_test.mp4.jpeg,138.0
1437,2456_test.mp4.jpeg,139.0
1438,2073_test.mp4.jpeg,120.0
1439,2123_test.mp4.jpeg,137.0
1440,2212_test.mp4.jpeg,140.0
1441,2342_test.mp4.jpeg,143.0
1442,2637_test.mp4.jpeg,140.0
1443,2586_test.mp4.jpeg,139.0
1444,2954_test.mp4.jpeg,132.0
1445,2804_test.mp4.jpeg,141.0
1446,3069_test.mp4.jpeg,54.0
1447,1886_test.mp4.jpeg,100.0
1448,608_test.mp4.jpeg,66.0
1449,886_test.mp4.jpeg,102.0
1450,1758_test.mp4.jpeg,108.0
1451,1121_test.mp4.jpeg,117.0
1452,1071_test.mp4.jpeg,110.0
1453,504_test.mp4.jpeg,83.0
1454,454_test.mp4.jpeg,84.0
1455,121_test.mp4.jpeg,142.0
1456,1454_test.mp4.jpeg,107.0
1457,1504_test.mp4.jpeg,99.0
1458,290_test.mp4.jpeg,124.0
1459,1290_test.mp4.jpeg,118.0
1460,513_test.mp4.jpeg,77.0
1461,443_test.mp4.jpeg,88.0
1462,1136_test.mp4.jpeg,110.0
1463,1066_test.mp4.jpeg,107.0
1464,1443_test.mp4.jpeg,103.0
1465,1513_test.mp4.jpeg,104.0
1466,136_test.mp4.jpeg,142.0
1467,287_test.mp4.jpeg,133.0
1468,1287_test.mp4.jpeg,118.0
1469,1891_test.mp4.jpeg,101.0
1470,891_test.mp4.jpeg,98.0
1471,2943_test.mp4.jpeg,134.0
1472,2813_test.mp4.jpeg,142.0
1473,2109_test.mp4.jpeg,136.0
1474,2059_test.mp4.jpeg,106.0
1475,2205_test.mp4.jpeg,135.0
1476,2355_test.mp4.jpeg,139.0
1477,2620_test.mp4.jpeg,142.0
1478,2591_test.mp4.jpeg,141.0
1479,2296_test.mp4.jpeg,135.0
1480,2452_test.mp4.jpeg,141.0
1481,2502_test.mp4.jpeg,140.0
1482,2127_test.mp4.jpeg,139.0
1483,2880_test.mp4.jpeg,137.0
1484,118_test.mp4.jpeg,143.0
1485,1118_test.mp4.jpeg,119.0
1486,1048_test.mp4.jpeg,109.0
1487,1952_test.mp4.jpeg,105.0
1488,1802_test.mp4.jpeg,111.0
1489,802_test.mp4.jpeg,78.0
1490,580_test.mp4.jpeg,78.0
1491,1580_test.mp4.jpeg,106.0
1492,1761_test.mp4.jpeg,107.0
1493,344_test.mp4.jpeg,118.0
1494,214_test.mp4.jpeg,143.0
1495,631_test.mp4.jpeg,74.0
1496,53_test.mp4.jpeg,141.0
1497,3050_test.mp4.jpeg,69.0
1498,1214_test.mp4.jpeg,112.0
1499,1344_test.mp4.jpeg,95.0
1500,597_test.mp4.jpeg,72.0
1501,1597_test.mp4.jpeg,110.0
1502,353_test.mp4.jpeg,119.0
1503,203_test.mp4.jpeg,143.0
1504,1776_test.mp4.jpeg,107.0
1505,1203_test.mp4.jpeg,110.0
1506,1353_test.mp4.jpeg,96.0
1507,44_test.mp4.jpeg,141.0
1508,626_test.mp4.jpeg,71.0
1509,1945_test.mp4.jpeg,104.0
1510,1815_test.mp4.jpeg,109.0
1511,815_test.mp4.jpeg,96.0
1512,945_test.mp4.jpeg,97.0
1513,2749_test.mp4.jpeg,130.0
1514,2619_test.mp4.jpeg,139.0
1515,2897_test.mp4.jpeg,137.0
1516,2281_test.mp4.jpeg,137.0
1517,2445_test.mp4.jpeg,140.0
1518,2515_test.mp4.jpeg,141.0
1519,2130_test.mp4.jpeg,139.0
1520,2060_test.mp4.jpeg,107.0
1521,2087_test.mp4.jpeg,136.0
1522,2713_test.mp4.jpeg,129.0
1523,2643_test.mp4.jpeg,141.0
1524,2336_test.mp4.jpeg,142.0
1525,2920_test.mp4.jpeg,137.0
1526,2870_test.mp4.jpeg,139.0
1527,309_test.mp4.jpeg,116.0
1528,259_test.mp4.jpeg,139.0
1529,1259_test.mp4.jpeg,112.0
1530,1309_test.mp4.jpeg,110.0
1531,791_test.mp4.jpeg,58.0
1532,1791_test.mp4.jpeg,109.0
1533,1420_test.mp4.jpeg,106.0
1534,1570_test.mp4.jpeg,106.0
1535,155_test.mp4.jpeg,142.0
1536,570_test.mp4.jpeg,81.0
1537,1155_test.mp4.jpeg,110.0
1538,1005_test.mp4.jpeg,94.0
1539,1908_test.mp4.jpeg,95.0
1540,1858_test.mp4.jpeg,103.0
1541,786_test.mp4.jpeg,61.0
1542,858_test.mp4.jpeg,106.0
1543,1786_test.mp4.jpeg,106.0
1544,142_test.mp4.jpeg,141.0
1545,1437_test.mp4.jpeg,104.0
1546,1567_test.mp4.jpeg,108.0
1547,1142_test.mp4.jpeg,112.0
1548,1012_test.mp4.jpeg,94.0
1549,567_test.mp4.jpeg,82.0
1550,437_test.mp4.jpeg,87.0
1551,2408_test.mp4.jpeg,139.0
1552,2558_test.mp4.jpeg,140.0
1553,2937_test.mp4.jpeg,137.0
1554,2090_test.mp4.jpeg,138.0
1555,2704_test.mp4.jpeg,138.0
1556,2654_test.mp4.jpeg,140.0
1557,2271_test.mp4.jpeg,137.0
1558,2321_test.mp4.jpeg,141.0
1559,2153_test.mp4.jpeg,142.0
1560,2003_test.mp4.jpeg,100.0
1561,2426_test.mp4.jpeg,141.0
1562,2576_test.mp4.jpeg,141.0
1563,2797_test.mp4.jpeg,141.0
1564,2919_test.mp4.jpeg,137.0
1565,876_test.mp4.jpeg,108.0
1566,926_test.mp4.jpeg,102.0
1567,1926_test.mp4.jpeg,99.0
1568,1876_test.mp4.jpeg,98.0
1569,549_test.mp4.jpeg,86.0
1570,419_test.mp4.jpeg,102.0
1571,1419_test.mp4.jpeg,107.0
1572,1549_test.mp4.jpeg,110.0
1573,1260_test.mp4.jpeg,114.0
1574,3024_test.mp4.jpeg,96.0
1575,1330_test.mp4.jpeg,98.0
1576,27_test.mp4.jpeg,142.0
1577,645_test.mp4.jpeg,95.0
1578,715_test.mp4.jpeg,81.0
1579,330_test.mp4.jpeg,117.0
1580,260_test.mp4.jpeg,139.0
1581,1715_test.mp4.jpeg,107.0
1582,1645_test.mp4.jpeg,102.0
1583,1081_test.mp4.jpeg,113.0
1584,652_test.mp4.jpeg,98.0
1585,30_test.mp4.jpeg,141.0
1586,702_test.mp4.jpeg,79.0
1587,1277_test.mp4.jpeg,117.0
1588,3163_test.mp4.jpeg,50.0
1589,1327_test.mp4.jpeg,97.0
1590,1702_test.mp4.jpeg,105.0
1591,327_test.mp4.jpeg,119.0
1592,277_test.mp4.jpeg,139.0
1593,861_test.mp4.jpeg,106.0
1594,931_test.mp4.jpeg,104.0
1595,1931_test.mp4.jpeg,100.0
1596,1861_test.mp4.jpeg,103.0
1597,2248_test.mp4.jpeg,144.0
1598,2318_test.mp4.jpeg,142.0
1599,2144_test.mp4.jpeg,140.0
1600,2014_test.mp4.jpeg,101.0
1601,2431_test.mp4.jpeg,142.0
1602,2561_test.mp4.jpeg,141.0
1603,2094_test.mp4.jpeg,137.0
1604,2650_test.mp4.jpeg,139.0
1605,2700_test.mp4.jpeg,140.0
1606,2325_test.mp4.jpeg,136.0
1607,2275_test.mp4.jpeg,138.0
1608,2029_test.mp4.jpeg,105.0
1609,2179_test.mp4.jpeg,144.0
1610,2398_test.mp4.jpeg,141.0
1611,2863_test.mp4.jpeg,140.0
1612,1782_test.mp4.jpeg,105.0
1613,1563_test.mp4.jpeg,108.0
1614,1433_test.mp4.jpeg,106.0
1615,146_test.mp4.jpeg,141.0
1616,433_test.mp4.jpeg,93.0
1617,563_test.mp4.jpeg,82.0
1618,1016_test.mp4.jpeg,90.0
1619,1146_test.mp4.jpeg,113.0
1620,795_test.mp4.jpeg,60.0
1621,1795_test.mp4.jpeg,111.0
1622,151_test.mp4.jpeg,141.0
1623,1574_test.mp4.jpeg,104.0
1624,1424_test.mp4.jpeg,106.0
1625,1001_test.mp4.jpeg,98.0
1626,1151_test.mp4.jpeg,110.0
1627,424_test.mp4.jpeg,95.0
1628,574_test.mp4.jpeg,81.0
1629,1678_test.mp4.jpeg,106.0
1630,1728_test.mp4.jpeg,110.0
1631,3019_test.mp4.jpeg,100.0
1632,728_test.mp4.jpeg,74.0
1633,678_test.mp4.jpeg,86.0
1634,499_test.mp4.jpeg,95.0
1635,1499_test.mp4.jpeg,100.0
1636,2924_test.mp4.jpeg,136.0
1637,2647_test.mp4.jpeg,139.0
1638,2717_test.mp4.jpeg,128.0
1639,2332_test.mp4.jpeg,141.0
1640,2262_test.mp4.jpeg,137.0
1641,2140_test.mp4.jpeg,142.0
1642,2565_test.mp4.jpeg,139.0
1643,2435_test.mp4.jpeg,138.0
1644,2488_test.mp4.jpeg,142.0
1645,2669_test.mp4.jpeg,140.0
1646,2739_test.mp4.jpeg,129.0
1647,935_test.mp4.jpeg,98.0
1648,865_test.mp4.jpeg,103.0
1649,1865_test.mp4.jpeg,101.0
1650,1935_test.mp4.jpeg,103.0
1651,89_test.mp4.jpeg,142.0
1652,3167_test.mp4.jpeg,37.0
1653,1323_test.mp4.jpeg,98.0
1654,1988_test.mp4.jpeg,87.0
1655,3037_test.mp4.jpeg,81.0
1656,1273_test.mp4.jpeg,116.0
1657,706_test.mp4.jpeg,80.0
1658,656_test.mp4.jpeg,97.0
1659,34_test.mp4.jpeg,140.0
1660,273_test.mp4.jpeg,138.0
1661,988_test.mp4.jpeg,98.0
1662,323_test.mp4.jpeg,119.0
1663,1656_test.mp4.jpeg,103.0
1664,1706_test.mp4.jpeg,106.0
1665,1092_test.mp4.jpeg,114.0
1666,711_test.mp4.jpeg,81.0
1667,23_test.mp4.jpeg,143.0
1668,641_test.mp4.jpeg,85.0
1669,1334_test.mp4.jpeg,97.0
1670,1264_test.mp4.jpeg,117.0
1671,1641_test.mp4.jpeg,103.0
1672,264_test.mp4.jpeg,138.0
1673,334_test.mp4.jpeg,117.0
1674,1085_test.mp4.jpeg,114.0
1675,922_test.mp4.jpeg,103.0
1676,389_test.mp4.jpeg,118.0
1677,1872_test.mp4.jpeg,99.0
1678,1389_test.mp4.jpeg,109.0
1679,1922_test.mp4.jpeg,100.0
1680,1038_test.mp4.jpeg,106.0
1681,1168_test.mp4.jpeg,107.0
1682,168_test.mp4.jpeg,142.0
1683,2157_test.mp4.jpeg,140.0
1684,2572_test.mp4.jpeg,140.0
1685,2422_test.mp4.jpeg,141.0
1686,2793_test.mp4.jpeg,139.0
1687,2093_test.mp4.jpeg,139.0
1688,2272_test.mp4.jpeg,135.0
1689,2322_test.mp4.jpeg,142.0
1690,2707_test.mp4.jpeg,134.0
1691,2657_test.mp4.jpeg,140.0
1692,2934_test.mp4.jpeg,137.0
1693,2864_test.mp4.jpeg,139.0
1694,668_test.mp4.jpeg,91.0
1695,738_test.mp4.jpeg,68.0
1696,3009_test.mp4.jpeg,117.0
1697,3159_test.mp4.jpeg,59.0
1698,1738_test.mp4.jpeg,106.0
1699,1668_test.mp4.jpeg,102.0
1700,1489_test.mp4.jpeg,103.0
1701,489_test.mp4.jpeg,115.0
1702,1785_test.mp4.jpeg,106.0
1703,785_test.mp4.jpeg,58.0
1704,564_test.mp4.jpeg,82.0
1705,434_test.mp4.jpeg,91.0
1706,1141_test.mp4.jpeg,109.0
1707,1011_test.mp4.jpeg,93.0
1708,1434_test.mp4.jpeg,104.0
1709,1564_test.mp4.jpeg,108.0
1710,141_test.mp4.jpeg,142.0
1711,1792_test.mp4.jpeg,110.0
1712,792_test.mp4.jpeg,58.0
1713,1156_test.mp4.jpeg,111.0
1714,1006_test.mp4.jpeg,93.0
1715,573_test.mp4.jpeg,82.0
1716,423_test.mp4.jpeg,97.0
1717,156_test.mp4.jpeg,142.0
1718,1423_test.mp4.jpeg,106.0
1719,1573_test.mp4.jpeg,105.0
1720,2169_test.mp4.jpeg,139.0
1721,2923_test.mp4.jpeg,138.0
1722,2388_test.mp4.jpeg,143.0
1723,2873_test.mp4.jpeg,140.0
1724,2084_test.mp4.jpeg,134.0
1725,2265_test.mp4.jpeg,137.0
1726,2335_test.mp4.jpeg,141.0
1727,2710_test.mp4.jpeg,131.0
1728,2640_test.mp4.jpeg,140.0
1729,2432_test.mp4.jpeg,144.0
1730,2562_test.mp4.jpeg,141.0
1731,2147_test.mp4.jpeg,136.0
1732,1932_test.mp4.jpeg,101.0
1733,1862_test.mp4.jpeg,102.0
1734,1399_test.mp4.jpeg,104.0
1735,399_test.mp4.jpeg,115.0
1736,862_test.mp4.jpeg,105.0
1737,932_test.mp4.jpeg,101.0
1738,178_test.mp4.jpeg,142.0
1739,1178_test.mp4.jpeg,110.0
1740,1028_test.mp4.jpeg,98.0
1741,324_test.mp4.jpeg,119.0
1742,274_test.mp4.jpeg,138.0
1743,1701_test.mp4.jpeg,105.0
1744,1651_test.mp4.jpeg,103.0
1745,1274_test.mp4.jpeg,116.0
1746,1324_test.mp4.jpeg,98.0
1747,3160_test.mp4.jpeg,63.0
1748,33_test.mp4.jpeg,141.0
1749,651_test.mp4.jpeg,99.0
1750,701_test.mp4.jpeg,78.0
1751,1095_test.mp4.jpeg,114.0
1752,1716_test.mp4.jpeg,107.0
1753,1646_test.mp4.jpeg,102.0
1754,333_test.mp4.jpeg,117.0
1755,263_test.mp4.jpeg,139.0
1756,998_test.mp4.jpeg,100.0
1757,646_test.mp4.jpeg,96.0
1758,24_test.mp4.jpeg,142.0
1759,716_test.mp4.jpeg,81.0
1760,1998_test.mp4.jpeg,101.0
1761,3027_test.mp4.jpeg,89.0
1762,1263_test.mp4.jpeg,115.0
1763,1333_test.mp4.jpeg,97.0
1764,1082_test.mp4.jpeg,113.0
1765,99_test.mp4.jpeg,143.0
1766,1925_test.mp4.jpeg,100.0
1767,1875_test.mp4.jpeg,98.0
1768,875_test.mp4.jpeg,108.0
1769,925_test.mp4.jpeg,102.0
1770,2498_test.mp4.jpeg,140.0
1771,2729_test.mp4.jpeg,130.0
1772,2679_test.mp4.jpeg,139.0
1773,2425_test.mp4.jpeg,141.0
1774,2575_test.mp4.jpeg,140.0
1775,2150_test.mp4.jpeg,135.0
1776,2000_test.mp4.jpeg,98.0
1777,2331_test.mp4.jpeg,139.0
1778,2261_test.mp4.jpeg,138.0
1779,2644_test.mp4.jpeg,141.0
1780,2714_test.mp4.jpeg,129.0
1781,2548_test.mp4.jpeg,140.0
1782,2418_test.mp4.jpeg,137.0
1783,2877_test.mp4.jpeg,139.0
1784,2927_test.mp4.jpeg,134.0
1785,19_test.mp4.jpeg,142.0
1786,1796_test.mp4.jpeg,110.0
1787,918_test.mp4.jpeg,106.0
1788,848_test.mp4.jpeg,104.0
1789,796_test.mp4.jpeg,62.0
1790,1918_test.mp4.jpeg,96.0
1791,427_test.mp4.jpeg,94.0
1792,577_test.mp4.jpeg,79.0
1793,1002_test.mp4.jpeg,98.0
1794,1152_test.mp4.jpeg,110.0
1795,1577_test.mp4.jpeg,105.0
1796,1427_test.mp4.jpeg,106.0
1797,152_test.mp4.jpeg,141.0
1798,1781_test.mp4.jpeg,106.0
1799,1015_test.mp4.jpeg,91.0
1800,1145_test.mp4.jpeg,111.0
1801,430_test.mp4.jpeg,93.0
1802,560_test.mp4.jpeg,81.0
1803,145_test.mp4.jpeg,141.0
1804,1560_test.mp4.jpeg,109.0
1805,1430_test.mp4.jpeg,107.0
1806,1319_test.mp4.jpeg,102.0
1807,1249_test.mp4.jpeg,113.0
1808,249_test.mp4.jpeg,143.0
1809,319_test.mp4.jpeg,119.0
1810,2860_test.mp4.jpeg,141.0
1811,2930_test.mp4.jpeg,133.0
1812,2326_test.mp4.jpeg,138.0
1813,2276_test.mp4.jpeg,138.0
1814,2653_test.mp4.jpeg,139.0
1815,2703_test.mp4.jpeg,139.0
1816,2571_test.mp4.jpeg,141.0
1817,2421_test.mp4.jpeg,142.0
1818,2154_test.mp4.jpeg,143.0
1819,2790_test.mp4.jpeg,138.0
1820,2308_test.mp4.jpeg,142.0
1821,2258_test.mp4.jpeg,142.0
1822,1871_test.mp4.jpeg,99.0
1823,1921_test.mp4.jpeg,100.0
1824,921_test.mp4.jpeg,104.0
1825,871_test.mp4.jpeg,105.0
1826,267_test.mp4.jpeg,138.0
1827,337_test.mp4.jpeg,117.0
1828,1712_test.mp4.jpeg,106.0
1829,1337_test.mp4.jpeg,96.0
1830,3023_test.mp4.jpeg,96.0
1831,1267_test.mp4.jpeg,119.0
1832,712_test.mp4.jpeg,81.0
1833,642_test.mp4.jpeg,87.0
1834,20_test.mp4.jpeg,142.0
1835,1086_test.mp4.jpeg,113.0
1836,1655_test.mp4.jpeg,104.0
1837,1705_test.mp4.jpeg,106.0
1838,270_test.mp4.jpeg,138.0
1839,320_test.mp4.jpeg,119.0
1840,705_test.mp4.jpeg,77.0
1841,37_test.mp4.jpeg,140.0
1842,655_test.mp4.jpeg,98.0
1843,1320_test.mp4.jpeg,101.0
1844,3164_test.mp4.jpeg,44.0
1845,1091_test.mp4.jpeg,114.0
1846,1866_test.mp4.jpeg,101.0
1847,1936_test.mp4.jpeg,104.0
1848,936_test.mp4.jpeg,98.0
1849,866_test.mp4.jpeg,103.0
1850,1559_test.mp4.jpeg,109.0
1851,1409_test.mp4.jpeg,102.0
1852,409_test.mp4.jpeg,112.0
1853,559_test.mp4.jpeg,82.0
1854,2566_test.mp4.jpeg,140.0
1855,2436_test.mp4.jpeg,137.0
1856,2143_test.mp4.jpeg,142.0
1857,2859_test.mp4.jpeg,142.0
1858,2630_test.mp4.jpeg,139.0
1859,2345_test.mp4.jpeg,142.0
1860,2581_test.mp4.jpeg,141.0
1861,2803_test.mp4.jpeg,140.0
1862,2953_test.mp4.jpeg,133.0
1863,2119_test.mp4.jpeg,141.0
1864,1881_test.mp4.jpeg,99.0
1865,126_test.mp4.jpeg,143.0
1866,1503_test.mp4.jpeg,100.0
1867,1453_test.mp4.jpeg,107.0
1868,1076_test.mp4.jpeg,112.0
1869,453_test.mp4.jpeg,84.0
1870,503_test.mp4.jpeg,86.0
1871,1297_test.mp4.jpeg,119.0
1872,297_test.mp4.jpeg,116.0
1873,1444_test.mp4.jpeg,103.0
1874,131_test.mp4.jpeg,143.0
1875,444_test.mp4.jpeg,87.0
1876,1131_test.mp4.jpeg,112.0
1877,1280_test.mp4.jpeg,119.0
1878,280_test.mp4.jpeg,141.0
1879,1618_test.mp4.jpeg,104.0
1880,1748_test.mp4.jpeg,108.0
1881,896_test.mp4.jpeg,99.0
1882,748_test.mp4.jpeg,62.0
1883,618_test.mp4.jpeg,71.0
1884,1896_test.mp4.jpeg,97.0
1885,3079_test.mp4.jpeg,50.0
1886,2814_test.mp4.jpeg,143.0
1887,2944_test.mp4.jpeg,136.0
1888,2352_test.mp4.jpeg,141.0
1889,2202_test.mp4.jpeg,137.0
1890,2596_test.mp4.jpeg,138.0
1891,2291_test.mp4.jpeg,131.0
1892,2120_test.mp4.jpeg,140.0
1893,2505_test.mp4.jpeg,140.0
1894,2455_test.mp4.jpeg,141.0
1895,2887_test.mp4.jpeg,138.0
1896,2609_test.mp4.jpeg,140.0
1897,955_test.mp4.jpeg,98.0
1898,805_test.mp4.jpeg,83.0
1899,1805_test.mp4.jpeg,110.0
1900,1955_test.mp4.jpeg,107.0
1901,1587_test.mp4.jpeg,105.0
1902,587_test.mp4.jpeg,77.0
1903,54_test.mp4.jpeg,141.0
1904,636_test.mp4.jpeg,77.0
1905,1343_test.mp4.jpeg,97.0
1906,1213_test.mp4.jpeg,112.0
1907,3057_test.mp4.jpeg,65.0
1908,1766_test.mp4.jpeg,109.0
1909,213_test.mp4.jpeg,143.0
1910,343_test.mp4.jpeg,118.0
1911,1354_test.mp4.jpeg,96.0
1912,1204_test.mp4.jpeg,111.0
1913,621_test.mp4.jpeg,72.0
1914,43_test.mp4.jpeg,142.0
1915,204_test.mp4.jpeg,142.0
1916,354_test.mp4.jpeg,119.0
1917,1621_test.mp4.jpeg,104.0
1918,1058_test.mp4.jpeg,107.0
1919,108_test.mp4.jpeg,142.0
1920,942_test.mp4.jpeg,98.0
1921,812_test.mp4.jpeg,97.0
1922,1942_test.mp4.jpeg,106.0
1923,2890_test.mp4.jpeg,139.0
1924,2286_test.mp4.jpeg,133.0
1925,2067_test.mp4.jpeg,113.0
1926,2137_test.mp4.jpeg,140.0
1927,2512_test.mp4.jpeg,141.0
1928,2442_test.mp4.jpeg,140.0
1929,2623_test.mp4.jpeg,139.0
1930,2206_test.mp4.jpeg,136.0
1931,2356_test.mp4.jpeg,136.0
1932,2592_test.mp4.jpeg,140.0
1933,2940_test.mp4.jpeg,135.0
1934,2810_test.mp4.jpeg,142.0
1935,1188_test.mp4.jpeg,108.0
1936,188_test.mp4.jpeg,142.0
1937,892_test.mp4.jpeg,98.0
1938,369_test.mp4.jpeg,118.0
1939,239_test.mp4.jpeg,143.0
1940,1239_test.mp4.jpeg,110.0
1941,1369_test.mp4.jpeg,105.0
1942,1892_test.mp4.jpeg,100.0
1943,135_test.mp4.jpeg,142.0
1944,1440_test.mp4.jpeg,102.0
1945,1510_test.mp4.jpeg,103.0
1946,1135_test.mp4.jpeg,112.0
1947,1065_test.mp4.jpeg,108.0
1948,510_test.mp4.jpeg,75.0
1949,440_test.mp4.jpeg,90.0
1950,1284_test.mp4.jpeg,120.0
1951,284_test.mp4.jpeg,141.0
1952,1457_test.mp4.jpeg,106.0
1953,1507_test.mp4.jpeg,100.0
1954,122_test.mp4.jpeg,143.0
1955,507_test.mp4.jpeg,76.0
1956,457_test.mp4.jpeg,84.0
1957,1122_test.mp4.jpeg,114.0
1958,1072_test.mp4.jpeg,110.0
1959,1293_test.mp4.jpeg,117.0
1960,1968_test.mp4.jpeg,105.0
1961,1838_test.mp4.jpeg,98.0
1962,968_test.mp4.jpeg,95.0
1963,293_test.mp4.jpeg,120.0
1964,885_test.mp4.jpeg,102.0
1965,69_test.mp4.jpeg,141.0
1966,1885_test.mp4.jpeg,100.0
1967,2689_test.mp4.jpeg,136.0
1968,2468_test.mp4.jpeg,141.0
1969,2538_test.mp4.jpeg,143.0
1970,2634_test.mp4.jpeg,139.0
1971,2211_test.mp4.jpeg,139.0
1972,2341_test.mp4.jpeg,140.0
1973,2585_test.mp4.jpeg,138.0
1974,2979_test.mp4.jpeg,128.0
1975,2282_test.mp4.jpeg,134.0
1976,2829_test.mp4.jpeg,144.0
1977,2133_test.mp4.jpeg,139.0
1978,2063_test.mp4.jpeg,107.0
1979,2446_test.mp4.jpeg,142.0
1980,2516_test.mp4.jpeg,142.0
1981,2894_test.mp4.jpeg,138.0
1982,529_test.mp4.jpeg,85.0
1983,479_test.mp4.jpeg,115.0
1984,1479_test.mp4.jpeg,105.0
1985,1529_test.mp4.jpeg,102.0
1986,816_test.mp4.jpeg,97.0
1987,698_test.mp4.jpeg,78.0
1988,1816_test.mp4.jpeg,109.0
1989,1594_test.mp4.jpeg,110.0
1990,594_test.mp4.jpeg,72.0
1991,625_test.mp4.jpeg,71.0
1992,47_test.mp4.jpeg,141.0
1993,3044_test.mp4.jpeg,79.0
1994,1200_test.mp4.jpeg,111.0
1995,1350_test.mp4.jpeg,93.0
1996,1775_test.mp4.jpeg,108.0
1997,1625_test.mp4.jpeg,101.0
1998,350_test.mp4.jpeg,119.0
1999,200_test.mp4.jpeg,143.0
2000,1583_test.mp4.jpeg,106.0
2001,583_test.mp4.jpeg,79.0
2002,1217_test.mp4.jpeg,112.0
2003,3053_test.mp4.jpeg,70.0
2004,1347_test.mp4.jpeg,96.0
2005,632_test.mp4.jpeg,75.0
2006,347_test.mp4.jpeg,118.0
2007,217_test.mp4.jpeg,143.0
2008,1762_test.mp4.jpeg,109.0
2009,801_test.mp4.jpeg,77.0
2010,951_test.mp4.jpeg,99.0
2011,1951_test.mp4.jpeg,105.0
2012,1801_test.mp4.jpeg,111.0
2013,2228_test.mp4.jpeg,142.0
2014,2378_test.mp4.jpeg,138.0
2015,2199_test.mp4.jpeg,141.0
2016,2295_test.mp4.jpeg,136.0
2017,2124_test.mp4.jpeg,138.0
2018,2074_test.mp4.jpeg,117.0
2019,2451_test.mp4.jpeg,141.0
2020,2501_test.mp4.jpeg,140.0
2021,2532_test.mp4.jpeg,142.0
2022,2047_test.mp4.jpeg,104.0
2023,2683_test.mp4.jpeg,140.0
2024,1751_test.mp4.jpeg,110.0
2025,224_test.mp4.jpeg,141.0
2026,374_test.mp4.jpeg,119.0
2027,601_test.mp4.jpeg,70.0
2028,63_test.mp4.jpeg,141.0
2029,1374_test.mp4.jpeg,108.0
2030,3060_test.mp4.jpeg,58.0
2031,1195_test.mp4.jpeg,112.0
2032,195_test.mp4.jpeg,143.0
2033,1832_test.mp4.jpeg,103.0
2034,1962_test.mp4.jpeg,109.0
2035,1299_test.mp4.jpeg,119.0
2036,299_test.mp4.jpeg,115.0
2037,962_test.mp4.jpeg,95.0
2038,832_test.mp4.jpeg,94.0
2039,128_test.mp4.jpeg,143.0
2040,1078_test.mp4.jpeg,112.0
2041,1128_test.mp4.jpeg,114.0
2042,1825_test.mp4.jpeg,105.0
2043,1975_test.mp4.jpeg,100.0
2044,975_test.mp4.jpeg,102.0
2045,825_test.mp4.jpeg,93.0
2046,233_test.mp4.jpeg,143.0
2047,363_test.mp4.jpeg,119.0
2048,1898_test.mp4.jpeg,96.0
2049,1363_test.mp4.jpeg,98.0
2050,1233_test.mp4.jpeg,108.0
2051,3077_test.mp4.jpeg,51.0
2052,746_test.mp4.jpeg,61.0
2053,616_test.mp4.jpeg,69.0
2054,182_test.mp4.jpeg,142.0
2055,2525_test.mp4.jpeg,136.0
2056,2475_test.mp4.jpeg,140.0
2057,2050_test.mp4.jpeg,103.0
2058,2100_test.mp4.jpeg,141.0
2059,2694_test.mp4.jpeg,137.0
2060,2598_test.mp4.jpeg,140.0
2061,2629_test.mp4.jpeg,140.0
2062,2834_test.mp4.jpeg,142.0
2063,2193_test.mp4.jpeg,138.0
2064,2372_test.mp4.jpeg,141.0
2065,2889_test.mp4.jpeg,138.0
2066,2222_test.mp4.jpeg,140.0
2067,2607_test.mp4.jpeg,140.0
2068,1685_test.mp4.jpeg,106.0
2069,685_test.mp4.jpeg,84.0
2070,1041_test.mp4.jpeg,108.0
2071,1111_test.mp4.jpeg,117.0
2072,464_test.mp4.jpeg,96.0
2073,534_test.mp4.jpeg,85.0
2074,111_test.mp4.jpeg,142.0
2075,1534_test.mp4.jpeg,100.0
2076,1464_test.mp4.jpeg,104.0
2077,3059_test.mp4.jpeg,60.0
2078,638_test.mp4.jpeg,80.0
2079,1638_test.mp4.jpeg,103.0
2080,1768_test.mp4.jpeg,110.0
2081,589_test.mp4.jpeg,77.0
2082,1692_test.mp4.jpeg,107.0
2083,692_test.mp4.jpeg,82.0
2084,473_test.mp4.jpeg,113.0
2085,523_test.mp4.jpeg,83.0
2086,1056_test.mp4.jpeg,108.0
2087,1106_test.mp4.jpeg,116.0
2088,1523_test.mp4.jpeg,106.0
2089,1473_test.mp4.jpeg,105.0
2090,106_test.mp4.jpeg,142.0
2091,2184_test.mp4.jpeg,142.0
2092,2365_test.mp4.jpeg,142.0
2093,2235_test.mp4.jpeg,143.0
2094,2610_test.mp4.jpeg,141.0
2095,2740_test.mp4.jpeg,129.0
2096,2069_test.mp4.jpeg,115.0
2097,2288_test.mp4.jpeg,133.0
2098,2973_test.mp4.jpeg,120.0
2099,2208_test.mp4.jpeg,137.0
2100,2358_test.mp4.jpeg,139.0
2101,2471_test.mp4.jpeg,137.0
2102,2521_test.mp4.jpeg,140.0
2103,2104_test.mp4.jpeg,142.0
2104,2054_test.mp4.jpeg,107.0
2105,2690_test.mp4.jpeg,135.0
2106,1742_test.mp4.jpeg,104.0
2107,367_test.mp4.jpeg,118.0
2108,237_test.mp4.jpeg,143.0
2109,70_test.mp4.jpeg,142.0
2110,612_test.mp4.jpeg,65.0
2111,1237_test.mp4.jpeg,109.0
2112,3073_test.mp4.jpeg,51.0
2113,1367_test.mp4.jpeg,103.0
2114,1186_test.mp4.jpeg,109.0
2115,186_test.mp4.jpeg,142.0
2116,1971_test.mp4.jpeg,102.0
2117,1821_test.mp4.jpeg,107.0
2118,821_test.mp4.jpeg,94.0
2119,971_test.mp4.jpeg,100.0
2120,1966_test.mp4.jpeg,108.0
2121,1836_test.mp4.jpeg,100.0
2122,836_test.mp4.jpeg,97.0
2123,966_test.mp4.jpeg,95.0
2124,1459_test.mp4.jpeg,106.0
2125,1509_test.mp4.jpeg,101.0
2126,509_test.mp4.jpeg,74.0
2127,459_test.mp4.jpeg,85.0
2128,370_test.mp4.jpeg,118.0
2129,220_test.mp4.jpeg,144.0
2130,1605_test.mp4.jpeg,105.0
2131,3064_test.mp4.jpeg,60.0
2132,1370_test.mp4.jpeg,106.0
2133,1191_test.mp4.jpeg,111.0
2134,191_test.mp4.jpeg,143.0
2135,2466_test.mp4.jpeg,143.0
2136,2536_test.mp4.jpeg,143.0
2137,2113_test.mp4.jpeg,138.0
2138,2809_test.mp4.jpeg,140.0
2139,2687_test.mp4.jpeg,138.0
2140,2448_test.mp4.jpeg,142.0
2141,2518_test.mp4.jpeg,143.0
2142,2180_test.mp4.jpeg,143.0
2143,2231_test.mp4.jpeg,144.0
2144,2361_test.mp4.jpeg,138.0
2145,2744_test.mp4.jpeg,129.0
2146,2614_test.mp4.jpeg,142.0
2147,818_test.mp4.jpeg,95.0
2148,1696_test.mp4.jpeg,106.0
2149,1948_test.mp4.jpeg,104.0
2150,1818_test.mp4.jpeg,108.0
2151,696_test.mp4.jpeg,77.0
2152,1102_test.mp4.jpeg,117.0
2153,1052_test.mp4.jpeg,108.0
2154,527_test.mp4.jpeg,84.0
2155,477_test.mp4.jpeg,114.0
2156,1477_test.mp4.jpeg,107.0
2157,1527_test.mp4.jpeg,104.0
2158,49_test.mp4.jpeg,142.0
2159,1219_test.mp4.jpeg,111.0
2160,1349_test.mp4.jpeg,95.0
2161,349_test.mp4.jpeg,119.0
2162,219_test.mp4.jpeg,143.0
2163,1681_test.mp4.jpeg,106.0
2164,681_test.mp4.jpeg,84.0
2165,530_test.mp4.jpeg,85.0
2166,1115_test.mp4.jpeg,116.0
2167,1045_test.mp4.jpeg,110.0
2168,1460_test.mp4.jpeg,105.0
2169,1530_test.mp4.jpeg,102.0
2170,115_test.mp4.jpeg,142.0
2171,2197_test.mp4.jpeg,143.0
2172,2226_test.mp4.jpeg,140.0
2173,2376_test.mp4.jpeg,141.0
2174,2753_test.mp4.jpeg,131.0
2175,2603_test.mp4.jpeg,138.0
2176,2960_test.mp4.jpeg,123.0
2177,2830_test.mp4.jpeg,143.0
2178,2987_test.mp4.jpeg,124.0
2179,2709_test.mp4.jpeg,132.0
2180,2659_test.mp4.jpeg,139.0
2181,2391_test.mp4.jpeg,142.0
2182,2170_test.mp4.jpeg,137.0
2183,2020_test.mp4.jpeg,108.0
2184,2405_test.mp4.jpeg,141.0
2185,2555_test.mp4.jpeg,140.0
2186,1487_test.mp4.jpeg,105.0
2187,487_test.mp4.jpeg,117.0
2188,3007_test.mp4.jpeg,123.0
2189,1243_test.mp4.jpeg,112.0
2190,3157_test.mp4.jpeg,57.0
2191,1313_test.mp4.jpeg,106.0
2192,666_test.mp4.jpeg,93.0
2193,736_test.mp4.jpeg,69.0
2194,313_test.mp4.jpeg,116.0
2195,243_test.mp4.jpeg,142.0
2196,1736_test.mp4.jpeg,108.0
2197,1666_test.mp4.jpeg,103.0
2198,855_test.mp4.jpeg,103.0
2199,905_test.mp4.jpeg,98.0
2200,1905_test.mp4.jpeg,94.0
2201,1855_test.mp4.jpeg,102.0
2202,1158_test.mp4.jpeg,111.0
2203,158_test.mp4.jpeg,142.0
2204,842_test.mp4.jpeg,103.0
2205,1842_test.mp4.jpeg,99.0
2206,1490_test.mp4.jpeg,102.0
2207,490_test.mp4.jpeg,113.0
2208,13_test.mp4.jpeg,141.0
2209,671_test.mp4.jpeg,89.0
2210,721_test.mp4.jpeg,78.0
2211,1254_test.mp4.jpeg,113.0
2212,3010_test.mp4.jpeg,115.0
2213,1304_test.mp4.jpeg,118.0
2214,1721_test.mp4.jpeg,109.0
2215,1671_test.mp4.jpeg,102.0
2216,304_test.mp4.jpeg,117.0
2217,254_test.mp4.jpeg,143.0
2218,2386_test.mp4.jpeg,142.0
2219,2167_test.mp4.jpeg,140.0
2220,2037_test.mp4.jpeg,109.0
2221,2412_test.mp4.jpeg,142.0
2222,2542_test.mp4.jpeg,141.0
2223,2903_test.mp4.jpeg,139.0
2224,2149_test.mp4.jpeg,134.0
2225,2019_test.mp4.jpeg,105.0
2226,2730_test.mp4.jpeg,130.0
2227,2660_test.mp4.jpeg,139.0
2228,2245_test.mp4.jpeg,141.0
2229,2315_test.mp4.jpeg,140.0
2230,1403_test.mp4.jpeg,103.0
2231,1553_test.mp4.jpeg,111.0
2232,176_test.mp4.jpeg,142.0
2233,553_test.mp4.jpeg,85.0
2234,403_test.mp4.jpeg,112.0
2235,1176_test.mp4.jpeg,111.0
2236,1026_test.mp4.jpeg,99.0
2237,3083_test.mp4.jpeg,45.0
2238,1397_test.mp4.jpeg,106.0
2239,397_test.mp4.jpeg,118.0
2240,1981_test.mp4.jpeg,97.0
2241,996_test.mp4.jpeg,104.0
2242,1718_test.mp4.jpeg,107.0
2243,1648_test.mp4.jpeg,102.0
2244,3029_test.mp4.jpeg,88.0
2245,1996_test.mp4.jpeg,99.0
2246,648_test.mp4.jpeg,98.0
2247,718_test.mp4.jpeg,81.0
2248,161_test.mp4.jpeg,142.0
2249,1414_test.mp4.jpeg,106.0
2250,1544_test.mp4.jpeg,107.0
2251,1161_test.mp4.jpeg,110.0
2252,1031_test.mp4.jpeg,101.0
2253,544_test.mp4.jpeg,86.0
2254,414_test.mp4.jpeg,108.0
2255,97_test.mp4.jpeg,145.0
2256,380_test.mp4.jpeg,115.0
2257,2677_test.mp4.jpeg,140.0
2258,2252_test.mp4.jpeg,144.0
2259,2496_test.mp4.jpeg,139.0
2260,2844_test.mp4.jpeg,141.0
2261,2994_test.mp4.jpeg,124.0
2262,2879_test.mp4.jpeg,137.0
2263,2382_test.mp4.jpeg,140.0
2264,2929_test.mp4.jpeg,131.0
2265,2033_test.mp4.jpeg,110.0
2266,2163_test.mp4.jpeg,140.0
2267,2546_test.mp4.jpeg,138.0
2268,2416_test.mp4.jpeg,138.0
2269,1494_test.mp4.jpeg,102.0
2270,494_test.mp4.jpeg,107.0
2271,1300_test.mp4.jpeg,120.0
2272,1250_test.mp4.jpeg,112.0
2273,3014_test.mp4.jpeg,109.0
2274,725_test.mp4.jpeg,74.0
2275,17_test.mp4.jpeg,142.0
2276,675_test.mp4.jpeg,87.0
2277,250_test.mp4.jpeg,143.0
2278,300_test.mp4.jpeg,114.0
2279,1675_test.mp4.jpeg,104.0
2280,1725_test.mp4.jpeg,110.0
2281,429_test.mp4.jpeg,92.0
2282,579_test.mp4.jpeg,78.0
2283,1579_test.mp4.jpeg,105.0
2284,1429_test.mp4.jpeg,107.0
2285,916_test.mp4.jpeg,104.0
2286,846_test.mp4.jpeg,103.0
2287,1798_test.mp4.jpeg,110.0
2288,1846_test.mp4.jpeg,101.0
2289,1916_test.mp4.jpeg,95.0
2290,798_test.mp4.jpeg,71.0
2291,901_test.mp4.jpeg,97.0
2292,851_test.mp4.jpeg,104.0
2293,1901_test.mp4.jpeg,96.0
2294,1483_test.mp4.jpeg,105.0
2295,483_test.mp4.jpeg,117.0
2296,732_test.mp4.jpeg,70.0
2297,662_test.mp4.jpeg,94.0
2298,3153_test.mp4.jpeg,51.0
2299,1317_test.mp4.jpeg,103.0
2300,3003_test.mp4.jpeg,127.0
2301,1247_test.mp4.jpeg,113.0
2302,1662_test.mp4.jpeg,106.0
2303,1732_test.mp4.jpeg,109.0
2304,247_test.mp4.jpeg,143.0
2305,317_test.mp4.jpeg,118.0
2306,2395_test.mp4.jpeg,139.0
2307,2551_test.mp4.jpeg,137.0
2308,2401_test.mp4.jpeg,139.0
2309,2328_test.mp4.jpeg,143.0
2310,2983_test.mp4.jpeg,124.0
2311,2278_test.mp4.jpeg,136.0
2312,2099_test.mp4.jpeg,140.0
2313,2910_test.mp4.jpeg,135.0
2314,2673_test.mp4.jpeg,141.0
2315,2723_test.mp4.jpeg,130.0
2316,2306_test.mp4.jpeg,144.0
2317,2492_test.mp4.jpeg,139.0
2318,1540_test.mp4.jpeg,102.0
2319,165_test.mp4.jpeg,142.0
2320,410_test.mp4.jpeg,108.0
2321,540_test.mp4.jpeg,86.0
2322,1035_test.mp4.jpeg,104.0
2323,1165_test.mp4.jpeg,106.0
2324,1384_test.mp4.jpeg,108.0
2325,384_test.mp4.jpeg,116.0
2326,1088_test.mp4.jpeg,114.0
2327,992_test.mp4.jpeg,104.0
2328,269_test.mp4.jpeg,138.0
2329,339_test.mp4.jpeg,117.0
2330,1339_test.mp4.jpeg,97.0
2331,1992_test.mp4.jpeg,89.0
2332,985_test.mp4.jpeg,96.0
2333,1985_test.mp4.jpeg,91.0
2334,39_test.mp4.jpeg,141.0
2335,172_test.mp4.jpeg,143.0
2336,1557_test.mp4.jpeg,110.0
2337,1407_test.mp4.jpeg,104.0
2338,1022_test.mp4.jpeg,97.0
2339,1172_test.mp4.jpeg,109.0
2340,407_test.mp4.jpeg,108.0
2341,1393_test.mp4.jpeg,108.0
2342,1868_test.mp4.jpeg,100.0
2343,1938_test.mp4.jpeg,106.0
2344,3087_test.mp4.jpeg,35.0
2345,84_test.mp4.jpeg,143.0
2346,938_test.mp4.jpeg,98.0
2347,868_test.mp4.jpeg,104.0
2348,393_test.mp4.jpeg,119.0
2349,2664_test.mp4.jpeg,140.0
2350,2734_test.mp4.jpeg,131.0
2351,2311_test.mp4.jpeg,142.0
2352,2241_test.mp4.jpeg,144.0
2353,2485_test.mp4.jpeg,142.0
2354,2857_test.mp4.jpeg,139.0
2355,2907_test.mp4.jpeg,142.0
2356,2789_test.mp4.jpeg,139.0
2357,2568_test.mp4.jpeg,141.0
2358,2438_test.mp4.jpeg,140.0
2359,2993_test.mp4.jpeg,122.0
2360,2268_test.mp4.jpeg,140.0
2361,2338_test.mp4.jpeg,138.0
2362,2089_test.mp4.jpeg,138.0
2363,2385_test.mp4.jpeg,141.0
2364,2411_test.mp4.jpeg,141.0
2365,2541_test.mp4.jpeg,142.0
2366,2164_test.mp4.jpeg,140.0
2367,2034_test.mp4.jpeg,108.0
2368,493_test.mp4.jpeg,108.0
2369,1493_test.mp4.jpeg,103.0
2370,307_test.mp4.jpeg,117.0
2371,257_test.mp4.jpeg,143.0
2372,1722_test.mp4.jpeg,109.0
2373,1672_test.mp4.jpeg,103.0
2374,3013_test.mp4.jpeg,105.0
2375,1307_test.mp4.jpeg,114.0
2376,672_test.mp4.jpeg,87.0
2377,10_test.mp4.jpeg,141.0
2378,722_test.mp4.jpeg,77.0
2379,1911_test.mp4.jpeg,94.0
2380,1841_test.mp4.jpeg,98.0
2381,841_test.mp4.jpeg,100.0
2382,569_test.mp4.jpeg,81.0
2383,439_test.mp4.jpeg,91.0
2384,1906_test.mp4.jpeg,95.0
2385,1856_test.mp4.jpeg,102.0
2386,1788_test.mp4.jpeg,107.0
2387,856_test.mp4.jpeg,103.0
2388,906_test.mp4.jpeg,99.0
2389,484_test.mp4.jpeg,117.0
2390,1484_test.mp4.jpeg,105.0
2391,1735_test.mp4.jpeg,108.0
2392,1665_test.mp4.jpeg,104.0
2393,310_test.mp4.jpeg,115.0
2394,240_test.mp4.jpeg,144.0
2395,665_test.mp4.jpeg,93.0
2396,735_test.mp4.jpeg,70.0
2397,3004_test.mp4.jpeg,127.0
2398,1310_test.mp4.jpeg,110.0
2399,2869_test.mp4.jpeg,140.0
2400,2392_test.mp4.jpeg,141.0
2401,2406_test.mp4.jpeg,141.0
2402,2556_test.mp4.jpeg,141.0
2403,2173_test.mp4.jpeg,136.0
2404,2984_test.mp4.jpeg,128.0
2405,2799_test.mp4.jpeg,141.0
2406,2917_test.mp4.jpeg,138.0
2407,2847_test.mp4.jpeg,142.0
2408,2428_test.mp4.jpeg,137.0
2409,2578_test.mp4.jpeg,141.0
2410,2251_test.mp4.jpeg,144.0
2411,2301_test.mp4.jpeg,141.0
2412,2674_test.mp4.jpeg,140.0
2413,2495_test.mp4.jpeg,140.0
2414,547_test.mp4.jpeg,86.0
2415,417_test.mp4.jpeg,100.0
2416,1162_test.mp4.jpeg,108.0
2417,1032_test.mp4.jpeg,102.0
2418,1417_test.mp4.jpeg,104.0
2419,162_test.mp4.jpeg,142.0
2420,878_test.mp4.jpeg,107.0
2421,383_test.mp4.jpeg,116.0
2422,928_test.mp4.jpeg,102.0
2423,1928_test.mp4.jpeg,101.0
2424,1383_test.mp4.jpeg,108.0
2425,1878_test.mp4.jpeg,97.0
2426,29_test.mp4.jpeg,141.0
2427,1995_test.mp4.jpeg,97.0
2428,995_test.mp4.jpeg,105.0
2429,1098_test.mp4.jpeg,117.0
2430,1279_test.mp4.jpeg,118.0
2431,1982_test.mp4.jpeg,96.0
2432,1329_test.mp4.jpeg,96.0
2433,329_test.mp4.jpeg,118.0
2434,982_test.mp4.jpeg,101.0
2435,279_test.mp4.jpeg,141.0
2436,1175_test.mp4.jpeg,108.0
2437,550_test.mp4.jpeg,86.0
2438,400_test.mp4.jpeg,114.0
2439,175_test.mp4.jpeg,142.0
2440,1400_test.mp4.jpeg,105.0
2441,1550_test.mp4.jpeg,110.0
2442,394_test.mp4.jpeg,119.0
2443,3080_test.mp4.jpeg,50.0
2444,1394_test.mp4.jpeg,107.0
2445,2246_test.mp4.jpeg,140.0
2446,2733_test.mp4.jpeg,130.0
2447,2663_test.mp4.jpeg,140.0
2448,2482_test.mp4.jpeg,142.0
2449,2900_test.mp4.jpeg,137.0
2450,2396_test.mp4.jpeg,140.0
2451,2552_test.mp4.jpeg,139.0
2452,2402_test.mp4.jpeg,139.0
2453,2177_test.mp4.jpeg,140.0
2454,480_test.mp4.jpeg,117.0
2455,1480_test.mp4.jpeg,105.0
2456,244_test.mp4.jpeg,143.0
2457,314_test.mp4.jpeg,117.0
2458,1661_test.mp4.jpeg,107.0
2459,1731_test.mp4.jpeg,109.0
2460,3150_test.mp4.jpeg,39.0
2461,1244_test.mp4.jpeg,113.0
2462,3000_test.mp4.jpeg,122.0
2463,731_test.mp4.jpeg,70.0
2464,661_test.mp4.jpeg,96.0
2465,148_test.mp4.jpeg,141.0
2466,1018_test.mp4.jpeg,90.0
2467,1148_test.mp4.jpeg,113.0
2468,1852_test.mp4.jpeg,102.0
2469,1902_test.mp4.jpeg,95.0
2470,902_test.mp4.jpeg,99.0
2471,852_test.mp4.jpeg,104.0
2472,1845_test.mp4.jpeg,101.0
2473,1915_test.mp4.jpeg,95.0
2474,915_test.mp4.jpeg,104.0
2475,845_test.mp4.jpeg,103.0
2476,497_test.mp4.jpeg,100.0
2477,1497_test.mp4.jpeg,100.0
2478,1676_test.mp4.jpeg,105.0
2479,1726_test.mp4.jpeg,110.0
2480,253_test.mp4.jpeg,143.0
2481,303_test.mp4.jpeg,117.0
2482,726_test.mp4.jpeg,75.0
2483,676_test.mp4.jpeg,87.0
2484,1303_test.mp4.jpeg,119.0
2485,3017_test.mp4.jpeg,103.0
2486,1253_test.mp4.jpeg,112.0
2487,2381_test.mp4.jpeg,137.0
2488,2545_test.mp4.jpeg,141.0
2489,2415_test.mp4.jpeg,141.0
2490,2030_test.mp4.jpeg,105.0
2491,2160_test.mp4.jpeg,138.0
2492,2649_test.mp4.jpeg,138.0
2493,2719_test.mp4.jpeg,131.0
2494,2904_test.mp4.jpeg,138.0
2495,2312_test.mp4.jpeg,141.0
2496,2242_test.mp4.jpeg,142.0
2497,2667_test.mp4.jpeg,141.0
2498,2737_test.mp4.jpeg,130.0
2499,2486_test.mp4.jpeg,142.0
2500,404_test.mp4.jpeg,110.0
2501,1021_test.mp4.jpeg,97.0
2502,1171_test.mp4.jpeg,108.0
2503,1554_test.mp4.jpeg,111.0
2504,1404_test.mp4.jpeg,103.0
2505,171_test.mp4.jpeg,143.0
2506,390_test.mp4.jpeg,118.0
2507,87_test.mp4.jpeg,142.0
2508,1390_test.mp4.jpeg,108.0
2509,3084_test.mp4.jpeg,42.0
2510,708_test.mp4.jpeg,81.0
2511,658_test.mp4.jpeg,96.0
2512,3039_test.mp4.jpeg,81.0
2513,1986_test.mp4.jpeg,89.0
2514,1658_test.mp4.jpeg,105.0
2515,986_test.mp4.jpeg,96.0
2516,1991_test.mp4.jpeg,88.0
2517,991_test.mp4.jpeg,101.0
2518,1036_test.mp4.jpeg,105.0
2519,413_test.mp4.jpeg,108.0
2520,543_test.mp4.jpeg,86.0
2521,166_test.mp4.jpeg,142.0
2522,1543_test.mp4.jpeg,107.0
2523,1413_test.mp4.jpeg,106.0
2524,387_test.mp4.jpeg,117.0
2525,1387_test.mp4.jpeg,108.0
2526,90_test.mp4.jpeg,143.0
2527,2305_test.mp4.jpeg,139.0
2528,2255_test.mp4.jpeg,143.0
2529,2670_test.mp4.jpeg,141.0
2530,2720_test.mp4.jpeg,130.0
2531,2491_test.mp4.jpeg,141.0
2532,2843_test.mp4.jpeg,142.0
2533,2053_test.mp4.jpeg,106.0
2534,6_test.mp4.jpeg,142.0
2535,2103_test.mp4.jpeg,143.0
2536,2526_test.mp4.jpeg,138.0
2537,2476_test.mp4.jpeg,140.0
2538,2697_test.mp4.jpeg,139.0
2539,2819_test.mp4.jpeg,143.0
2540,2949_test.mp4.jpeg,138.0
2541,615_test.mp4.jpeg,68.0
2542,77_test.mp4.jpeg,142.0
2543,1360_test.mp4.jpeg,96.0
2544,3074_test.mp4.jpeg,51.0
2545,1615_test.mp4.jpeg,100.0
2546,230_test.mp4.jpeg,143.0
2547,360_test.mp4.jpeg,119.0
2548,181_test.mp4.jpeg,142.0
2549,1181_test.mp4.jpeg,109.0
2550,826_test.mp4.jpeg,96.0
2551,1826_test.mp4.jpeg,105.0
2552,1976_test.mp4.jpeg,101.0
2553,449_test.mp4.jpeg,84.0
2554,519_test.mp4.jpeg,81.0
2555,1519_test.mp4.jpeg,107.0
2556,1449_test.mp4.jpeg,105.0
2557,961_test.mp4.jpeg,95.0
2558,831_test.mp4.jpeg,96.0
2559,1831_test.mp4.jpeg,103.0
2560,1961_test.mp4.jpeg,108.0
2561,1377_test.mp4.jpeg,109.0
2562,3063_test.mp4.jpeg,60.0
2563,602_test.mp4.jpeg,69.0
2564,227_test.mp4.jpeg,142.0
2565,1602_test.mp4.jpeg,107.0
2566,196_test.mp4.jpeg,143.0
2567,1196_test.mp4.jpeg,110.0
2568,2114_test.mp4.jpeg,139.0
2569,2531_test.mp4.jpeg,142.0
2570,2461_test.mp4.jpeg,140.0
2571,2680_test.mp4.jpeg,139.0
2572,2348_test.mp4.jpeg,142.0
2573,2218_test.mp4.jpeg,140.0
2574,2820_test.mp4.jpeg,144.0
2575,2970_test.mp4.jpeg,122.0
2576,2187_test.mp4.jpeg,141.0
2577,2613_test.mp4.jpeg,139.0
2578,2743_test.mp4.jpeg,130.0
2579,2366_test.mp4.jpeg,142.0
2580,2236_test.mp4.jpeg,142.0
2581,691_test.mp4.jpeg,81.0
2582,1691_test.mp4.jpeg,106.0
2583,105_test.mp4.jpeg,143.0
2584,1520_test.mp4.jpeg,107.0
2585,1470_test.mp4.jpeg,103.0
2586,1055_test.mp4.jpeg,106.0
2587,1105_test.mp4.jpeg,115.0
2588,470_test.mp4.jpeg,108.0
2589,520_test.mp4.jpeg,81.0
2590,209_test.mp4.jpeg,143.0
2591,359_test.mp4.jpeg,119.0
2592,1359_test.mp4.jpeg,96.0
2593,1209_test.mp4.jpeg,111.0
2594,59_test.mp4.jpeg,142.0
2595,686_test.mp4.jpeg,84.0
2596,1808_test.mp4.jpeg,110.0
2597,1958_test.mp4.jpeg,108.0
2598,1686_test.mp4.jpeg,105.0
2599,958_test.mp4.jpeg,98.0
2600,808_test.mp4.jpeg,90.0
2601,1537_test.mp4.jpeg,99.0
2602,1467_test.mp4.jpeg,104.0
2603,112_test.mp4.jpeg,142.0
2604,467_test.mp4.jpeg,102.0
2605,537_test.mp4.jpeg,85.0
2606,1112_test.mp4.jpeg,117.0
2607,2190_test.mp4.jpeg,138.0
2608,2604_test.mp4.jpeg,139.0
2609,2754_test.mp4.jpeg,131.0
2610,2371_test.mp4.jpeg,141.0
2611,2221_test.mp4.jpeg,138.0
2612,2508_test.mp4.jpeg,139.0
2613,2458_test.mp4.jpeg,137.0
2614,2837_test.mp4.jpeg,143.0
2615,2967_test.mp4.jpeg,123.0
2616,2588_test.mp4.jpeg,140.0
2617,2639_test.mp4.jpeg,141.0
2618,2110_test.mp4.jpeg,137.0
2619,2040_test.mp4.jpeg,107.0
2620,2465_test.mp4.jpeg,143.0
2621,2535_test.mp4.jpeg,143.0
2622,2684_test.mp4.jpeg,140.0
2623,64_test.mp4.jpeg,140.0
2624,606_test.mp4.jpeg,67.0
2625,1223_test.mp4.jpeg,110.0
2626,3067_test.mp4.jpeg,54.0
2627,1888_test.mp4.jpeg,101.0
2628,1373_test.mp4.jpeg,107.0
2629,1756_test.mp4.jpeg,110.0
2630,1606_test.mp4.jpeg,105.0
2631,373_test.mp4.jpeg,119.0
2632,888_test.mp4.jpeg,98.0
2633,223_test.mp4.jpeg,142.0
2634,192_test.mp4.jpeg,143.0
2635,1192_test.mp4.jpeg,112.0
2636,835_test.mp4.jpeg,96.0
2637,965_test.mp4.jpeg,96.0
2638,1965_test.mp4.jpeg,109.0
2639,1835_test.mp4.jpeg,101.0
2640,822_test.mp4.jpeg,92.0
2641,289_test.mp4.jpeg,127.0
2642,972_test.mp4.jpeg,99.0
2643,1972_test.mp4.jpeg,102.0
2644,1289_test.mp4.jpeg,118.0
2645,1822_test.mp4.jpeg,107.0
2646,1138_test.mp4.jpeg,109.0
2647,1068_test.mp4.jpeg,105.0
2648,138_test.mp4.jpeg,142.0
2649,3070_test.mp4.jpeg,53.0
2650,1234_test.mp4.jpeg,107.0
2651,1364_test.mp4.jpeg,98.0
2652,611_test.mp4.jpeg,64.0
2653,73_test.mp4.jpeg,142.0
2654,741_test.mp4.jpeg,66.0
2655,364_test.mp4.jpeg,119.0
2656,234_test.mp4.jpeg,143.0
2657,1741_test.mp4.jpeg,106.0
2658,1611_test.mp4.jpeg,102.0
2659,185_test.mp4.jpeg,143.0
2660,1185_test.mp4.jpeg,109.0
2661,2107_test.mp4.jpeg,139.0
2662,2057_test.mp4.jpeg,103.0
2663,2472_test.mp4.jpeg,138.0
2664,2522_test.mp4.jpeg,140.0
2665,2693_test.mp4.jpeg,136.0
2666,2129_test.mp4.jpeg,135.0
2667,2079_test.mp4.jpeg,129.0
2668,2298_test.mp4.jpeg,139.0
2669,2963_test.mp4.jpeg,125.0
2670,2194_test.mp4.jpeg,137.0
2671,2600_test.mp4.jpeg,140.0
2672,2225_test.mp4.jpeg,139.0
2673,2375_test.mp4.jpeg,142.0
2674,682_test.mp4.jpeg,84.0
2675,1682_test.mp4.jpeg,105.0
2676,116_test.mp4.jpeg,143.0
2677,1463_test.mp4.jpeg,104.0
2678,1533_test.mp4.jpeg,100.0
2679,1116_test.mp4.jpeg,117.0
2680,1046_test.mp4.jpeg,106.0
2681,533_test.mp4.jpeg,85.0
2682,463_test.mp4.jpeg,93.0
2683,1778_test.mp4.jpeg,106.0
2684,1628_test.mp4.jpeg,96.0
2685,628_test.mp4.jpeg,72.0
2686,3049_test.mp4.jpeg,75.0
2687,599_test.mp4.jpeg,71.0
2688,695_test.mp4.jpeg,79.0
2689,1695_test.mp4.jpeg,106.0
2690,1474_test.mp4.jpeg,105.0
2691,1524_test.mp4.jpeg,105.0
2692,101_test.mp4.jpeg,142.0
2693,474_test.mp4.jpeg,112.0
2694,1101_test.mp4.jpeg,116.0
2695,1051_test.mp4.jpeg,107.0
2696,2183_test.mp4.jpeg,141.0
2697,2747_test.mp4.jpeg,130.0
2698,2617_test.mp4.jpeg,140.0
2699,2362_test.mp4.jpeg,141.0
2700,2899_test.mp4.jpeg,137.0
2701,2974_test.mp4.jpeg,124.0
2702,2824_test.mp4.jpeg,145.0
